date,tensorflow,pytorch,keras
2015-03-28,0,0,92
2015-03-29,0,0,356
2015-03-30,0,0,459
2015-03-31,0,0,494
2015-04-01,0,0,508
2015-04-02,0,0,517
2015-04-03,0,0,526
2015-04-04,0,0,533
2015-04-05,0,0,542
2015-04-06,0,0,550
2015-04-07,0,0,553
2015-04-08,0,0,555
2015-04-09,0,0,558
2015-04-10,0,0,564
2015-04-11,0,0,568
2015-04-12,0,0,571
2015-04-13,0,0,573
2015-04-14,0,0,576
2015-04-15,0,0,578
2015-04-16,0,0,580
2015-04-17,0,0,582
2015-04-18,0,0,583
2015-04-19,0,0,585
2015-04-20,0,0,590
2015-04-21,0,0,596
2015-04-22,0,0,597
2015-04-23,0,0,613
2015-04-24,0,0,630
2015-04-25,0,0,643
2015-04-26,0,0,650
2015-04-27,0,0,660
2015-04-28,0,0,672
2015-04-29,0,0,676
2015-04-30,0,0,686
2015-05-01,0,0,691
2015-05-02,0,0,692
2015-05-03,0,0,700
2015-05-04,0,0,712
2015-05-05,0,0,725
2015-05-06,0,0,748
2015-05-07,0,0,801
2015-05-08,0,0,823
2015-05-09,0,0,837
2015-05-10,0,0,853
2015-05-11,0,0,866
2015-05-12,0,0,1360
2015-05-13,0,0,1448
2015-05-14,0,0,1496
2015-05-15,0,0,1535
2015-05-16,0,0,1548
2015-05-17,0,0,1571
2015-05-18,0,0,1595
2015-05-19,0,0,1609
2015-05-20,0,0,1622
2015-05-21,0,0,1635
2015-05-22,0,0,1655
2015-05-23,0,0,1661
2015-05-24,0,0,1670
2015-05-25,0,0,1682
2015-05-26,0,0,1685
2015-05-27,0,0,1693
2015-05-28,0,0,1699
2015-05-29,0,0,1706
2015-05-30,0,0,1710
2015-05-31,0,0,1713
2015-06-01,0,0,1719
2015-06-02,0,0,1724
2015-06-03,0,0,1728
2015-06-04,0,0,1733
2015-06-05,0,0,1739
2015-06-06,0,0,1746
2015-06-07,0,0,1750
2015-06-08,0,0,1757
2015-06-09,0,0,1764
2015-06-10,0,0,1771
2015-06-11,0,0,1783
2015-06-12,0,0,1789
2015-06-13,0,0,1792
2015-06-14,0,0,1798
2015-06-15,0,0,1804
2015-06-16,0,0,1814
2015-06-17,0,0,1826
2015-06-18,0,0,1832
2015-06-19,0,0,1845
2015-06-20,0,0,1848
2015-06-21,0,0,1853
2015-06-22,0,0,1857
2015-06-23,0,0,1862
2015-06-24,0,0,1865
2015-06-25,0,0,1876
2015-06-26,0,0,1886
2015-06-27,0,0,1892
2015-06-28,0,0,1895
2015-06-29,0,0,1903
2015-06-30,0,0,1908
2015-07-01,0,0,1912
2015-07-02,0,0,1913
2015-07-03,0,0,1916
2015-07-04,0,0,1921
2015-07-05,0,0,1924
2015-07-06,0,0,1927
2015-07-07,0,0,1934
2015-07-08,0,0,1940
2015-07-09,0,0,1946
2015-07-10,0,0,1951
2015-07-11,0,0,1955
2015-07-12,0,0,1957
2015-07-13,0,0,1966
2015-07-14,0,0,1973
2015-07-15,0,0,1983
2015-07-16,0,0,1990
2015-07-17,0,0,1997
2015-07-18,0,0,2000
2015-07-19,0,0,2004
2015-07-20,0,0,2009
2015-07-21,0,0,2010
2015-07-22,0,0,2017
2015-07-23,0,0,2030
2015-07-24,0,0,2044
2015-07-25,0,0,2049
2015-07-26,0,0,2053
2015-07-27,0,0,2059
2015-07-28,0,0,2063
2015-07-29,0,0,2073
2015-07-30,0,0,2078
2015-07-31,0,0,2083
2015-08-01,0,0,2087
2015-08-02,0,0,2090
2015-08-03,0,0,2101
2015-08-04,0,0,2115
2015-08-05,0,0,2136
2015-08-06,0,0,2147
2015-08-07,0,0,2159
2015-08-08,0,0,2170
2015-08-09,0,0,2179
2015-08-10,0,0,2187
2015-08-11,0,0,2191
2015-08-12,0,0,2197
2015-08-13,0,0,2203
2015-08-14,0,0,2207
2015-08-15,0,0,2211
2015-08-16,0,0,2219
2015-08-17,0,0,2229
2015-08-18,0,0,2241
2015-08-19,0,0,2251
2015-08-20,0,0,2262
2015-08-21,0,0,2269
2015-08-22,0,0,2273
2015-08-23,0,0,2279
2015-08-24,0,0,2286
2015-08-25,0,0,2296
2015-08-26,0,0,2305
2015-08-27,0,0,2308
2015-08-28,0,0,2315
2015-08-29,0,0,2316
2015-08-30,0,0,2320
2015-08-31,0,0,2328
2015-09-01,0,0,2332
2015-09-02,0,0,2339
2015-09-03,0,0,2340
2015-09-04,0,0,2344
2015-09-05,0,0,2351
2015-09-06,0,0,2353
2015-09-07,0,0,2357
2015-09-08,0,0,2364
2015-09-09,0,0,2368
2015-09-10,0,0,2376
2015-09-11,0,0,2379
2015-09-12,0,0,2390
2015-09-13,0,0,2402
2015-09-14,0,0,2415
2015-09-15,0,0,2425
2015-09-16,0,0,2440
2015-09-17,0,0,2451
2015-09-18,0,0,2462
2015-09-19,0,0,2465
2015-09-20,0,0,2471
2015-09-21,0,0,2474
2015-09-22,0,0,2477
2015-09-23,0,0,2481
2015-09-24,0,0,2489
2015-09-25,0,0,2498
2015-09-26,0,0,2502
2015-09-28,0,0,2506
2015-09-29,0,0,2507
2015-09-30,0,0,2510
2015-10-01,0,0,2516
2015-10-02,0,0,2522
2015-10-03,0,0,2527
2015-10-04,0,0,2532
2015-10-05,0,0,2535
2015-10-06,0,0,2543
2015-10-07,0,0,2547
2015-10-08,0,0,2552
2015-10-09,0,0,2558
2015-10-10,0,0,2565
2015-10-11,0,0,2568
2015-10-12,0,0,2576
2015-10-13,0,0,2588
2015-10-14,0,0,2595
2015-10-15,0,0,2605
2015-10-16,0,0,2613
2015-10-17,0,0,2616
2015-10-18,0,0,2621
2015-10-19,0,0,2626
2015-10-20,0,0,2632
2015-10-21,0,0,2637
2015-10-22,0,0,2641
2015-10-23,0,0,2652
2015-10-24,0,0,2657
2015-10-25,0,0,2661
2015-10-26,0,0,2673
2015-10-27,0,0,2685
2015-10-28,0,0,2694
2015-10-29,0,0,2704
2015-10-30,0,0,2713
2015-10-31,0,0,2718
2015-11-01,0,0,2720
2015-11-02,0,0,2725
2015-11-03,0,0,2734
2015-11-04,0,0,2741
2015-11-05,0,0,2747
2015-11-06,0,0,2754
2015-11-07,0,0,2762
2015-11-08,0,0,2765
2015-11-09,1828,0,2781
2015-11-10,6372,0,2802
2015-11-11,7840,0,2813
2015-11-12,8743,0,2826
2015-11-13,9385,0,2836
2015-11-14,9672,0,2843
2015-11-15,9943,0,2845
2015-11-16,10317,0,2856
2015-11-17,10609,0,2864
2015-11-18,10877,0,2876
2015-11-19,11068,0,2882
2015-11-20,11266,0,2888
2015-11-21,11378,0,2890
2015-11-22,11463,0,2894
2015-11-23,11558,0,2899
2015-11-24,11649,0,2909
2015-11-25,11761,0,2921
2015-11-26,11852,0,2927
2015-11-27,11920,0,2937
2015-11-28,11978,0,2943
2015-11-29,12019,0,2946
2015-11-30,12086,0,2951
2015-12-01,12150,0,2975
2015-12-02,12228,0,3018
2015-12-03,12282,0,3039
2015-12-04,12338,0,3051
2015-12-05,12376,0,3062
2015-12-06,12404,0,3072
2015-12-07,12475,0,3084
2015-12-08,12539,0,3091
2015-12-09,12630,0,3098
2015-12-10,12797,0,3111
2015-12-11,12866,0,3116
2015-12-12,12910,0,3122
2015-12-13,12951,0,3127
2015-12-14,13026,0,3137
2015-12-15,13077,0,3150
2015-12-16,13137,0,3174
2015-12-17,13189,0,3182
2015-12-18,13258,0,3195
2015-12-19,13293,0,3209
2015-12-20,13321,0,3215
2015-12-21,13352,0,3230
2015-12-22,13399,0,3237
2015-12-23,13428,0,3242
2015-12-24,13457,0,3249
2015-12-25,13475,0,3252
2015-12-26,13505,0,3256
2015-12-27,13530,0,3261
2015-12-28,13576,0,3267
2015-12-29,13621,0,3275
2015-12-30,13664,0,3286
2015-12-31,13692,0,3292
2016-01-01,13720,0,3304
2016-01-02,13758,0,3314
2016-01-03,13792,0,3325
2016-01-04,13829,0,3328
2016-01-05,13869,0,3346
2016-01-06,13925,0,3360
2016-01-07,13985,0,3375
2016-01-08,14029,0,3381
2016-01-09,14056,0,3392
2016-01-10,14081,0,3400
2016-01-11,14127,0,3419
2016-01-12,14168,0,3435
2016-01-13,14215,0,3451
2016-01-14,14251,0,3462
2016-01-15,14296,0,3477
2016-01-16,14331,0,3486
2016-01-17,14356,0,3497
2016-01-18,14388,0,3511
2016-01-19,14420,0,3526
2016-01-20,14468,0,3538
2016-01-21,14522,0,3550
2016-01-22,14643,0,3564
2016-01-23,14772,0,3576
2016-01-24,14866,0,3595
2016-01-25,15039,0,3607
2016-01-26,15187,0,3617
2016-01-27,15279,0,3631
2016-01-28,15355,0,3643
2016-01-29,15423,0,3659
2016-01-30,15460,0,3667
2016-01-31,15507,0,3675
2016-02-01,15552,0,3734
2016-02-02,15588,0,3754
2016-02-03,15630,0,3763
2016-02-04,15688,0,3785
2016-02-05,15741,0,3798
2016-02-06,15765,0,3812
2016-02-07,15793,0,3820
2016-02-08,15823,0,3828
2016-02-09,15862,0,3838
2016-02-10,15898,0,3850
2016-02-11,15934,0,3861
2016-02-12,15968,0,3873
2016-02-13,15992,0,3879
2016-02-14,16009,0,3890
2016-02-15,16048,0,3902
2016-02-16,16094,0,3921
2016-02-17,16205,0,3933
2016-02-18,16263,0,3945
2016-02-19,16303,0,3950
2016-02-20,16332,0,3964
2016-02-21,16365,0,3970
2016-02-22,16407,0,3975
2016-02-23,16436,0,3982
2016-02-24,16478,0,4000
2016-02-25,16515,0,4020
2016-02-26,16598,0,4038
2016-02-27,16662,0,4043
2016-02-28,16700,0,4049
2016-02-29,16740,0,4051
2016-03-01,16793,0,4061
2016-03-02,16828,0,4076
2016-03-03,16873,0,4089
2016-03-04,16903,0,4097
2016-03-05,16921,0,4102
2016-03-06,16950,0,4113
2016-03-07,17004,0,4141
2016-03-08,17045,0,4158
2016-03-09,17093,0,4175
2016-03-10,17156,0,4193
2016-03-11,17223,0,4219
2016-03-12,17262,0,4229
2016-03-13,17309,0,4238
2016-03-14,17397,0,4254
2016-03-15,17464,0,4269
2016-03-16,17512,0,4281
2016-03-17,17550,0,4306
2016-03-18,17594,0,4321
2016-03-19,17624,0,4335
2016-03-20,17661,0,4353
2016-03-21,17714,0,4371
2016-03-22,17759,0,4384
2016-03-23,17825,0,4402
2016-03-24,17901,0,4418
2016-03-25,17952,0,4433
2016-03-26,17987,0,4445
2016-03-27,18031,0,4457
2016-03-28,18087,0,4472
2016-03-29,18116,0,4492
2016-03-30,18157,0,4513
2016-03-31,18192,0,4537
2016-04-01,18224,0,4547
2016-04-02,18247,0,4555
2016-04-03,18282,0,4568
2016-04-04,18321,0,4589
2016-04-05,18374,0,4603
2016-04-06,18422,0,4615
2016-04-07,18479,0,4626
2016-04-08,18518,0,4649
2016-04-09,18547,0,4660
2016-04-10,18582,0,4671
2016-04-11,18627,0,4745
2016-04-12,18672,0,4835
2016-04-13,18802,0,4875
2016-04-14,19004,0,4906
2016-04-15,19157,0,4931
2016-04-16,19251,0,4947
2016-04-17,19327,0,4962
2016-04-18,19417,0,4989
2016-04-19,19491,0,5014
2016-04-20,19562,0,5033
2016-04-21,19621,0,5047
2016-04-22,19691,0,5063
2016-04-23,19750,0,5080
2016-04-24,19790,0,5094
2016-04-25,19838,0,5108
2016-04-26,19895,0,5128
2016-04-27,19941,0,5147
2016-04-28,19995,0,5158
2016-04-29,20040,0,5198
2016-04-30,20109,0,5212
2016-05-01,20152,0,5222
2016-05-02,20196,0,5235
2016-05-03,20260,0,5249
2016-05-04,20320,0,5278
2016-05-05,20370,0,5299
2016-05-06,20423,0,5314
2016-05-07,20466,0,5325
2016-05-08,20506,0,5334
2016-05-09,20572,0,5349
2016-05-10,20628,0,5368
2016-05-11,20701,0,5380
2016-05-12,20811,0,5392
2016-05-13,21037,0,5408
2016-05-14,21125,0,5417
2016-05-15,21192,0,5436
2016-05-16,21304,0,5452
2016-05-17,21417,0,5469
2016-05-18,21545,0,5485
2016-05-19,21683,0,5493
2016-05-20,21798,0,5514
2016-05-21,21860,0,5528
2016-05-22,21901,0,5543
2016-05-23,21977,0,5570
2016-05-24,22036,0,5587
2016-05-25,22110,0,5601
2016-05-26,22176,0,5614
2016-05-27,22235,0,5629
2016-05-28,22269,0,0
2016-05-29,22302,0,5647
2016-05-30,22353,0,5654
2016-05-31,22406,0,5667
2016-06-01,22461,0,5676
2016-06-02,22523,0,5697
2016-06-03,22612,0,5715
2016-06-04,22653,0,5722
2016-06-05,22700,0,5752
2016-06-06,22763,0,5764
2016-06-07,22852,0,5784
2016-06-08,22996,0,5804
2016-06-09,23102,0,5817
2016-06-10,23163,0,5825
2016-06-11,23204,0,5829
2016-06-12,23257,0,5839
2016-06-13,23324,0,5850
2016-06-14,23374,0,5862
2016-06-15,23435,0,5879
2016-06-16,23499,0,5894
2016-06-17,23546,0,5903
2016-06-18,23578,0,5915
2016-06-19,23614,0,5928
2016-06-20,23674,0,5938
2016-06-21,23733,0,5950
2016-06-22,23791,0,5965
2016-06-23,23850,0,5971
2016-06-24,23893,0,5982
2016-06-25,23934,0,5989
2016-06-26,23967,0,5997
2016-06-27,24022,0,6007
2016-06-28,24076,0,6021
2016-06-29,24156,0,6036
2016-06-30,24251,0,6047
2016-07-01,24339,0,6057
2016-07-02,24392,0,6060
2016-07-03,24431,0,6070
2016-07-04,24480,0,6080
2016-07-05,24537,0,6097
2016-07-06,24578,0,6111
2016-07-07,24632,0,6124
2016-07-08,24683,0,6138
2016-07-09,24712,0,6142
2016-07-10,24747,0,6156
2016-07-11,24794,0,6183
2016-07-12,24858,0,6201
2016-07-13,24931,0,6219
2016-07-14,24999,0,6239
2016-07-15,25043,0,6263
2016-07-16,25068,0,6272
2016-07-17,25098,0,6281
2016-07-18,25142,0,6299
2016-07-19,25200,0,6317
2016-07-20,25264,0,6338
2016-07-21,25400,0,6364
2016-07-22,25472,0,6380
2016-07-23,25520,0,6392
2016-07-24,25566,0,6404
2016-07-25,25619,0,6421
2016-07-26,25672,0,6438
2016-07-27,25724,0,6454
2016-07-28,25769,0,6474
2016-07-29,25822,0,6488
2016-07-30,25857,0,6498
2016-07-31,25894,0,6502
2016-08-01,25941,0,6517
2016-08-02,26001,0,6533
2016-08-03,26053,0,6556
2016-08-04,26110,0,6598
2016-08-05,26154,0,6619
2016-08-06,26185,0,6639
2016-08-07,26219,0,6658
2016-08-08,26267,0,6671
2016-08-09,26326,0,6694
2016-08-10,26386,0,6710
2016-08-11,26482,0,6749
2016-08-12,26586,0,6765
2016-08-13,26623,0,6776
2016-08-14,26668,0,6789
2016-08-15,26733,2,6802
2016-08-16,26805,3,6830
2016-08-17,26856,0,6851
2016-08-18,26910,0,6870
2016-08-19,26961,0,6882
2016-08-20,26986,0,6889
2016-08-21,27013,0,6902
2016-08-22,27069,0,6921
2016-08-23,27128,0,6948
2016-08-24,27185,4,6967
2016-08-25,27255,0,6983
2016-08-26,27297,0,7003
2016-08-27,27343,0,7013
2016-08-28,27378,0,7028
2016-08-29,27435,0,7049
2016-08-30,27507,0,7077
2016-08-31,27586,0,7097
2016-09-01,27660,0,7110
2016-09-02,27737,0,7129
2016-09-03,27785,0,7139
2016-09-04,27820,0,7144
2016-09-05,27875,0,7153
2016-09-06,27938,0,7170
2016-09-07,27999,0,7187
2016-09-08,28061,0,7214
2016-09-09,28116,0,7233
2016-09-10,28172,0,7242
2016-09-11,28220,0,7248
2016-09-12,28286,0,7259
2016-09-13,28346,0,7271
2016-09-14,28409,0,7285
2016-09-15,28481,0,7307
2016-09-16,28534,0,7315
2016-09-17,28580,0,7325
2016-09-18,28625,0,7340
2016-09-19,28709,0,7365
2016-09-20,28790,0,7391
2016-09-21,28851,0,7409
2016-09-22,28930,0,7419
2016-09-23,29033,5,7439
2016-09-24,29104,0,7462
2016-09-25,29182,0,7483
2016-09-26,29279,0,7506
2016-09-27,29343,0,7536
2016-09-28,29419,0,7555
2016-09-29,29480,0,7578
2016-09-30,29553,0,7593
2016-10-01,29599,0,7600
2016-10-02,29648,0,7611
2016-10-03,29709,0,7633
2016-10-04,29766,0,7649
2016-10-05,29823,0,7667
2016-10-06,29905,0,7682
2016-10-07,29986,0,7696
2016-10-08,30069,0,7707
2016-10-09,30165,0,7725
2016-10-10,30262,0,7747
2016-10-11,30344,0,7763
2016-10-12,30462,0,7784
2016-10-13,30563,0,7802
2016-10-14,30647,6,7886
2016-10-15,30707,0,7924
2016-10-16,30779,0,7953
2016-10-17,30876,0,7988
2016-10-18,30975,7,8013
2016-10-19,31063,8,8043
2016-10-20,31154,0,8072
2016-10-21,31215,0,8088
2016-10-22,31273,0,8102
2016-10-23,31328,0,8120
2016-10-24,31442,0,8144
2016-10-25,31591,0,8170
2016-10-26,31702,0,8191
2016-10-27,31796,0,8215
2016-10-28,31882,0,8241
2016-10-29,31927,0,8253
2016-10-30,31971,0,8267
2016-10-31,32029,0,8291
2016-11-01,32103,9,8314
2016-11-02,32189,10,8330
2016-11-03,32249,11,8352
2016-11-04,32323,0,8368
2016-11-05,32368,0,8388
2016-11-06,32431,0,8405
2016-11-07,32528,0,8420
2016-11-08,32612,0,8450
2016-11-09,32684,0,8463
2016-11-10,32790,0,8484
2016-11-11,32854,0,8501
2016-11-12,32893,0,8515
2016-11-13,32938,0,8525
2016-11-14,33027,0,8556
2016-11-15,33128,0,8574
2016-11-16,33220,0,8605
2016-11-17,33325,0,8627
2016-11-18,33398,12,8649
2016-11-19,33448,14,8662
2016-11-20,33501,0,8674
2016-11-21,33594,0,8694
2016-11-22,33693,0,8723
2016-11-23,33779,15,8742
2016-11-24,33856,0,8759
2016-11-25,33930,0,8777
2016-11-26,33996,0,8789
2016-11-27,34066,16,8811
2016-11-28,34153,0,8835
2016-11-29,34245,17,8857
2016-11-30,34368,0,8885
2016-12-01,34465,0,8920
2016-12-02,34559,0,8953
2016-12-03,34615,0,8965
2016-12-04,34684,0,8983
2016-12-05,34761,0,9002
2016-12-06,34862,0,9026
2016-12-07,34976,0,9043
2016-12-08,35215,0,9075
2016-12-09,35343,0,9101
2016-12-10,35424,0,9110
2016-12-11,35523,0,9131
2016-12-12,35673,0,9145
2016-12-13,35796,0,9164
2016-12-14,35901,0,9191
2016-12-15,35996,0,9212
2016-12-16,36060,18,9229
2016-12-17,36118,0,9257
2016-12-18,36174,0,9280
2016-12-19,36251,0,9306
2016-12-20,36337,19,9333
2016-12-21,36423,0,9353
2016-12-22,36506,0,9370
2016-12-23,36579,0,9387
2016-12-24,36632,20,9408
2016-12-25,36691,0,9423
2016-12-26,36772,0,9444
2016-12-27,36841,0,9469
2016-12-28,36936,0,9495
2016-12-29,37017,0,9525
2016-12-30,37092,0,9549
2016-12-31,37148,0,9562
2017-01-01,37198,0,9573
2017-01-02,37244,0,9606
2017-01-03,37319,0,9634
2017-01-04,37469,0,9679
2017-01-05,37633,0,9705
2017-01-06,37752,0,9746
2017-01-07,37828,0,9770
2017-01-08,37898,21,9792
2017-01-09,38002,0,9830
2017-01-10,38098,22,9869
2017-01-11,38241,23,9896
2017-01-12,38343,24,9922
2017-01-13,38445,25,9952
2017-01-14,38503,0,9968
2017-01-15,38558,0,9990
2017-01-16,38653,0,10031
2017-01-17,38763,28,10125
2017-01-18,38851,441,10173
2017-01-19,38949,1358,10215
2017-01-20,39016,1749,10239
2017-01-21,39070,1935,10254
2017-01-22,39126,2068,10285
2017-01-23,39211,2186,10321
2017-01-24,39305,2249,10348
2017-01-25,39395,2297,10379
2017-01-26,39468,2337,10407
2017-01-27,39545,2367,10426
2017-01-28,39608,2390,10441
2017-01-29,39655,2408,10462
2017-01-30,39719,2429,10482
2017-01-31,39788,2451,10496
2017-02-01,39862,2475,10521
2017-02-02,39923,2498,10544
2017-02-03,40036,2525,10569
2017-02-04,40112,2553,10590
2017-02-05,40183,2568,10615
2017-02-06,40281,2592,10633
2017-02-07,40421,2623,10659
2017-02-08,40545,2646,10686
2017-02-09,40665,2674,10723
2017-02-10,40780,2704,10758
2017-02-11,40839,2730,10781
2017-02-12,40906,2747,10811
2017-02-13,40999,2774,10841
2017-02-14,41100,2808,10867
2017-02-15,41293,2840,10897
2017-02-16,41837,2862,10948
2017-02-17,42146,2881,10983
2017-02-18,42306,2903,10999
2017-02-19,42448,2920,11025
2017-02-20,42639,2968,11057
2017-02-21,42801,2993,11107
2017-02-22,42975,3014,11142
2017-02-23,43142,3031,11174
2017-02-24,43289,3047,11202
2017-02-25,43358,3060,11225
2017-02-26,43419,3072,11254
2017-02-27,43541,3086,11288
2017-02-28,43666,3097,11318
2017-03-01,43787,3127,11355
2017-03-02,43931,3144,11385
2017-03-03,44057,3174,11417
2017-03-04,44132,3185,11447
2017-03-05,44203,3197,11465
2017-03-06,44310,3214,11499
2017-03-07,44433,3230,11530
2017-03-08,44544,3240,11564
2017-03-09,44672,3252,11601
2017-03-10,44846,3261,11621
2017-03-11,44959,3277,11638
2017-03-12,45081,3303,11663
2017-03-13,45254,3334,11699
2017-03-14,45424,3359,11753
2017-03-15,45565,3395,12053
2017-03-16,45690,3423,12150
2017-03-17,45806,3441,12206
2017-03-18,45887,3462,12229
2017-03-19,45968,3479,12252
2017-03-20,46086,3487,12292
2017-03-21,46209,3501,12325
2017-03-22,46343,3512,12370
2017-03-23,46456,3523,12408
2017-03-24,46557,3542,12435
2017-03-25,46631,3552,12460
2017-03-26,46704,3567,12490
2017-03-27,46811,3588,12529
2017-03-28,46928,3597,12575
2017-03-29,47051,3606,12608
2017-03-30,47173,3618,12648
2017-03-31,47296,3631,12682
2017-04-01,47384,3649,12712
2017-04-02,47432,3661,12742
2017-04-03,47500,3677,12776
2017-04-04,47583,3694,12813
2017-04-05,47687,3723,12863
2017-04-06,47823,3742,12901
2017-04-07,47958,3756,12947
2017-04-08,48043,3762,12975
2017-04-09,48126,3769,12996
2017-04-10,48257,3797,13030
2017-04-11,48384,3811,13073
2017-04-12,48487,3834,13107
2017-04-13,48597,3850,13141
2017-04-14,48693,3874,13174
2017-04-15,48755,3885,13207
2017-04-16,48812,3897,13226
2017-04-17,48910,3911,13252
2017-04-18,49006,3928,13281
2017-04-19,49101,3964,13326
2017-04-20,49207,3985,13373
2017-04-21,49307,3997,13404
2017-04-22,49367,4015,13425
2017-04-23,49440,4025,13440
2017-04-24,49542,4043,13474
2017-04-25,49640,4060,13510
2017-04-26,49742,4081,13545
2017-04-27,49850,4094,13573
2017-04-28,49956,4112,13607
2017-04-29,50003,4120,13623
2017-04-30,50054,4130,13651
2017-05-01,50124,4154,13666
2017-05-02,50195,4191,13693
2017-05-03,50283,4242,13714
2017-05-04,50372,4277,13757
2017-05-05,50449,4300,13788
2017-05-06,50497,4319,13809
2017-05-07,50567,4334,13825
2017-05-08,50650,4358,13858
2017-05-09,50755,4384,13882
2017-05-10,50859,4399,13907
2017-05-11,50943,4424,13931
2017-05-12,51029,4439,13976
2017-05-13,51072,4454,13998
2017-05-14,51127,4462,14020
2017-05-15,51219,4474,14053
2017-05-16,51321,4490,14099
2017-05-17,51492,4507,14137
2017-05-18,51738,4523,14187
2017-05-19,51912,4537,14214
2017-05-20,52007,4553,14238
2017-05-21,52099,4568,14253
2017-05-22,52241,4574,14283
2017-05-23,52382,4590,14318
2017-05-24,52504,4601,14353
2017-05-25,52628,4610,14387
2017-05-26,52748,4619,14417
2017-05-27,52860,4634,14436
2017-05-28,52919,4646,14454
2017-05-29,53001,4654,14471
2017-05-30,53101,4676,14493
2017-05-31,53210,4689,14521
2017-06-01,53330,4710,14561
2017-06-02,53448,4723,14594
2017-06-03,53538,4736,14605
2017-06-04,53613,4745,14620
2017-06-05,53721,4762,14656
2017-06-06,53828,4779,14705
2017-06-07,53964,4803,14741
2017-06-08,54076,4826,14796
2017-06-09,54167,4839,14832
2017-06-10,54234,4850,14856
2017-06-11,54293,4856,14878
2017-06-12,54370,4866,14926
2017-06-13,54469,4877,14953
2017-06-14,54588,4894,14991
2017-06-15,54700,4903,15023
2017-06-16,54822,4914,15053
2017-06-17,54901,4924,15072
2017-06-18,54996,4932,15096
2017-06-19,55106,4938,15120
2017-06-20,55231,4950,15145
2017-06-21,55329,4963,15180
2017-06-22,55422,4969,15211
2017-06-23,55499,4979,15247
2017-06-24,55551,4988,15264
2017-06-25,55610,4992,15291
2017-06-26,55686,5009,15331
2017-06-27,55779,5022,15373
2017-06-28,55901,5040,15416
2017-06-29,56003,5053,15444
2017-06-30,56095,5067,15477
2017-07-01,56146,5070,15493
2017-07-02,56215,5083,15511
2017-07-03,56298,5100,15556
2017-07-04,56385,5115,15596
2017-07-05,56478,5135,15640
2017-07-06,56587,5147,15674
2017-07-07,56690,5161,15699
2017-07-08,56751,5171,15732
2017-07-09,56812,5175,15751
2017-07-10,56912,5181,15773
2017-07-11,57013,5201,15806
2017-07-12,57114,5213,15848
2017-07-13,57237,5228,15883
2017-07-14,57363,5240,15919
2017-07-15,57413,5248,15941
2017-07-16,57479,5257,15968
2017-07-17,57588,5267,16005
2017-07-18,57694,5278,16059
2017-07-19,57803,5290,16100
2017-07-20,57913,5306,16127
2017-07-21,58013,5319,16164
2017-07-22,58059,5326,16182
2017-07-23,58135,5337,16200
2017-07-24,58243,5344,16246
2017-07-25,58343,5358,16274
2017-07-26,58453,5376,16318
2017-07-27,58573,5389,16356
2017-07-28,58659,5406,16383
2017-07-29,58728,5416,16404
2017-07-30,58794,5429,16424
2017-07-31,58910,5442,16459
2017-08-01,59035,5457,16494
2017-08-02,59171,5466,16527
2017-08-03,59294,5484,16557
2017-08-04,59380,5503,16582
2017-08-05,59452,5508,16607
2017-08-06,59547,5566,16637
2017-08-07,59667,5770,16664
2017-08-08,59787,5860,16698
2017-08-09,59901,5890,16729
2017-08-10,60007,5906,16763
2017-08-11,60099,5939,16797
2017-08-12,60167,5955,16809
2017-08-13,60220,5963,16829
2017-08-14,60312,5988,16862
2017-08-15,60418,6008,16888
2017-08-16,60519,6028,16919
2017-08-17,60630,6050,16946
2017-08-18,60723,6076,16981
2017-08-19,60769,6091,17001
2017-08-20,60836,6104,17014
2017-08-21,60933,6124,17039
2017-08-22,61029,6143,17064
2017-08-23,61130,6162,17104
2017-08-24,61214,6176,17138
2017-08-25,61289,6198,17182
2017-08-26,61339,6212,17207
2017-08-27,61400,6222,17219
2017-08-28,61506,6231,17248
2017-08-29,61608,6246,17281
2017-08-30,61700,6256,17311
2017-08-31,61841,6272,17332
2017-09-01,61930,6289,17355
2017-09-02,61989,6297,17367
2017-09-03,62059,6312,17388
2017-09-04,62154,6334,17422
2017-09-05,62263,6356,17456
2017-09-06,62364,6383,17488
2017-09-07,62487,6412,17524
2017-09-08,62588,6440,17545
2017-09-09,62677,6467,17571
2017-09-10,62730,6515,17596
2017-09-11,62830,6554,17622
2017-09-12,62936,6576,17656
2017-09-13,63037,6599,17685
2017-09-14,63125,6623,17704
2017-09-15,63220,6639,17726
2017-09-16,63289,6651,17749
2017-09-17,63350,6660,17766
2017-09-18,63461,6681,17789
2017-09-19,63575,6702,17819
2017-09-20,63653,6723,17848
2017-09-21,63771,6737,17874
2017-09-22,63862,6755,17899
2017-09-23,63924,6766,17918
2017-09-24,63986,6783,17945
2017-09-25,64067,6809,17969
2017-09-26,64173,6827,18011
2017-09-27,64289,6841,18058
2017-09-28,64382,6852,18089
2017-09-29,64482,6870,18119
2017-09-30,64563,6884,18146
2017-10-01,64631,6895,18162
2017-10-02,64723,6910,18191
2017-10-03,64789,6933,18217
2017-10-04,64839,6960,18239
2017-10-05,64897,6981,18268
2017-10-06,64952,6993,18304
2017-10-07,64990,6998,18317
2017-10-08,65039,7014,18333
2017-10-09,65122,7062,18368
2017-10-10,65222,7100,18417
2017-10-11,65356,7144,18457
2017-10-12,65549,7207,18494
2017-10-13,65765,7247,18531
2017-10-14,65880,7268,18550
2017-10-15,66000,7298,18589
2017-10-16,66161,7342,18638
2017-10-17,66346,7384,18671
2017-10-18,66514,7420,18702
2017-10-19,66675,7451,18738
2017-10-20,66826,7484,18771
2017-10-21,66924,7505,18800
2017-10-22,66996,7525,18826
2017-10-23,67127,7549,18862
2017-10-24,67269,7581,18908
2017-10-25,67400,7618,18948
2017-10-26,67553,7654,18989
2017-10-27,67674,7678,19016
2017-10-28,67761,7693,19041
2017-10-29,67844,7722,19066
2017-10-30,67964,7754,19110
2017-10-31,68118,7794,19168
2017-11-01,68248,7829,19209
2017-11-02,68392,7855,19247
2017-11-03,68543,7892,19296
2017-11-04,68631,7912,19320
2017-11-05,68720,7933,19345
2017-11-06,68872,7967,19385
2017-11-07,68997,8005,19424
2017-11-08,69146,8029,19476
2017-11-09,69301,8073,19519
2017-11-10,69436,8106,19556
2017-11-11,69504,8124,19579
2017-11-12,69585,8145,19609
2017-11-13,69689,8185,19661
2017-11-14,69825,8210,19714
2017-11-15,70127,8246,19752
2017-11-16,70408,8265,19786
2017-11-17,70633,8299,19822
2017-11-18,70762,8323,19850
2017-11-19,70871,8347,19893
2017-11-20,71052,8379,19934
2017-11-21,71257,8417,19988
2017-11-22,71440,8456,20032
2017-11-23,71608,8475,20068
2017-11-24,71751,8517,20110
2017-11-25,71815,8561,20133
2017-11-26,71895,8589,20163
2017-11-27,72033,8625,20214
2017-11-28,72168,8651,20249
2017-11-29,72293,8678,20291
2017-11-30,72455,8707,20339
2017-12-01,72584,8744,20376
2017-12-02,72663,8763,20403
2017-12-03,72741,8781,20437
2017-12-04,72868,8813,20475
2017-12-05,73034,8865,20526
2017-12-06,73190,8910,20568
2017-12-07,73320,8961,20613
2017-12-08,73443,8983,20662
2017-12-09,73502,9004,20683
2017-12-10,73574,9027,20708
2017-12-11,73688,9058,20752
2017-12-12,73841,9109,20805
2017-12-13,74114,9145,20871
2017-12-14,74300,9179,20936
2017-12-15,74468,9205,20979
2017-12-16,74566,9230,21006
2017-12-17,74662,9254,21038
2017-12-18,74828,9283,21084
2017-12-19,75006,9319,21128
2017-12-20,75173,9389,21177
2017-12-21,75315,9432,21215
2017-12-22,75450,9460,21248
2017-12-23,75524,9477,21272
2017-12-24,75592,9492,21302
2017-12-25,75721,9518,21336
2017-12-26,75850,9562,21386
2017-12-27,75991,9600,21418
2017-12-28,76111,9636,21449
2017-12-29,76224,9669,21470
2017-12-30,76285,9692,21492
2017-12-31,76357,9705,21510
2018-01-01,76422,9722,21528
2018-01-02,76537,9782,21570
2018-01-03,76661,9816,21612
2018-01-04,76781,9848,21660
2018-01-05,76913,9880,21698
2018-01-06,76994,9895,21732
2018-01-07,77072,9908,21763
2018-01-08,77187,9937,21806
2018-01-09,77316,9981,21851
2018-01-10,77451,10025,21888
2018-01-11,77581,10069,21929
2018-01-12,77706,10106,21973
2018-01-13,77773,10126,22005
2018-01-14,77853,10144,22020
2018-01-15,77981,10190,22065
2018-01-16,78120,10231,22105
2018-01-17,78250,10275,22145
2018-01-18,78372,10312,22185
2018-01-19,78494,10349,22232
2018-01-20,78579,10376,22253
2018-01-21,78647,10407,22282
2018-01-22,78772,10474,22317
2018-01-23,78883,10526,22367
2018-01-24,79005,10564,22406
2018-01-25,79146,10598,22449
2018-01-26,79285,10626,22493
2018-01-27,79378,10665,22542
2018-01-28,79452,10701,22613
2018-01-29,79580,10733,22693
2018-01-30,79685,10766,22743
2018-01-31,79814,10796,22796
2018-02-01,79949,10834,22842
2018-02-02,80089,10872,22886
2018-02-03,80162,10885,22914
2018-02-04,80238,10900,22943
2018-02-05,80336,10924,22987
2018-02-06,80455,10946,23028
2018-02-07,80573,10976,23066
2018-02-08,80697,11001,23121
2018-02-09,80804,11022,23169
2018-02-10,80889,11039,23204
2018-02-11,81027,11053,23236
2018-02-12,81201,11071,23286
2018-02-13,81333,11093,23326
2018-02-14,81435,11117,23361
2018-02-15,81528,11135,23383
2018-02-16,81617,11160,23406
2018-02-17,81689,11179,23431
2018-02-18,81767,11190,23463
2018-02-19,81834,11213,23495
2018-02-20,81887,11236,23524
2018-02-21,81947,11256,23560
2018-02-22,82050,11271,23602
2018-02-23,82131,11304,23647
2018-02-24,82239,11333,23688
2018-02-25,82306,11357,23722
2018-02-26,82423,11392,23766
2018-02-27,82533,11420,23822
2018-02-28,82658,11443,23875
2018-03-01,82817,11463,23935
2018-03-02,82990,11490,23989
2018-03-03,83073,11512,24033
2018-03-04,83151,11537,24063
2018-03-05,83301,11560,24120
2018-03-06,83458,11594,24245
2018-03-07,83587,11608,24321
2018-03-08,83701,11631,24390
2018-03-09,83853,11653,24449
2018-03-10,83938,11663,24484
2018-03-11,84032,11681,24526
2018-03-12,84148,11712,24588
2018-03-13,84307,11750,24649
2018-03-14,84439,11772,24689
2018-03-15,84589,11800,24745
2018-03-16,84727,11825,24791
2018-03-17,84807,11843,24822
2018-03-18,84879,11859,24853
2018-03-19,84995,11883,24899
2018-03-20,85119,11909,24948
2018-03-21,85255,11944,24986
2018-03-22,85384,11973,25035
2018-03-23,85481,12000,25077
2018-03-24,85556,12018,25110
2018-03-25,85627,12043,25143
2018-03-26,85755,12072,25191
2018-03-27,85869,12104,25223
2018-03-28,85994,12134,25273
2018-03-29,86155,12170,25332
2018-03-30,86276,12191,25373
2018-03-31,86396,12208,25405
2018-04-01,86472,12225,25431
2018-04-02,86595,12331,25473
2018-04-03,86720,12435,25523
2018-04-04,86832,12481,25578
2018-04-05,86924,12507,25609
2018-04-06,87017,12534,25642
2018-04-07,87096,12555,25674
2018-04-08,87204,12584,25708
2018-04-09,87328,12621,25749
2018-04-10,87469,12653,25801
2018-04-11,87606,12688,25839
2018-04-12,87741,12725,25894
2018-04-13,87860,12749,25924
2018-04-14,87957,12762,25952
2018-04-15,88049,12783,25983
2018-04-16,88182,12808,26031
2018-04-17,88320,12832,26077
2018-04-18,88463,12865,26117
2018-04-19,88568,12906,26154
2018-04-20,88685,12927,26196
2018-04-21,88763,12944,26220
2018-04-22,88845,12969,26255
2018-04-23,88952,12998,26298
2018-04-24,89083,13046,26345
2018-04-25,89198,13176,26380
2018-04-26,89311,13249,26421
2018-04-27,89449,13284,26457
2018-04-28,89551,13326,26478
2018-04-29,89627,13339,26492
2018-04-30,89701,13359,26521
2018-05-01,89755,13385,26549
2018-05-02,89864,13452,26587
2018-05-03,89980,13581,26636
2018-05-04,90079,13656,26675
2018-05-05,90148,13696,26690
2018-05-06,90212,13737,26724
2018-05-07,90311,13790,26771
2018-05-08,90422,13840,26817
2018-05-09,90545,13892,26863
2018-05-10,90670,13938,26897
2018-05-11,90780,13978,26941
2018-05-12,90870,14010,26970
2018-05-13,90930,14033,26985
2018-05-14,91054,14074,27022
2018-05-15,91175,14116,27054
2018-05-16,91298,14158,27090
2018-05-17,91429,14202,27129
2018-05-18,91570,14228,27157
2018-05-19,91672,14251,27182
2018-05-20,91742,14276,27210
2018-05-21,91867,14305,27266
2018-05-22,91959,14351,27309
2018-05-23,92122,14388,27351
2018-05-24,92267,14429,27392
2018-05-25,92368,14460,27426
2018-05-26,92449,14472,27448
2018-05-27,92516,14490,27471
2018-05-28,92626,14512,27516
2018-05-29,92737,14539,27554
2018-05-30,92856,14570,27592
2018-05-31,92963,14601,27630
2018-06-01,93063,14634,27667
2018-06-02,93128,14651,27694
2018-06-03,93199,14667,27715
2018-06-04,93298,14698,27751
2018-06-05,93431,14726,27787
2018-06-06,93553,14764,27837
2018-06-07,93684,14796,27878
2018-06-08,93788,14830,27931
2018-06-09,93875,14853,27955
2018-06-10,93950,14873,27991
2018-06-11,94041,14898,28025
2018-06-12,94135,14928,28067
2018-06-13,94241,14944,28107
2018-06-14,94335,14979,28159
2018-06-15,94419,14993,28198
2018-06-16,94464,15008,28225
2018-06-17,94517,15022,28254
2018-06-18,94565,15041,28279
2018-06-19,94655,15073,28323
2018-06-20,94741,15096,28365
2018-06-21,94832,15114,28406
2018-06-22,94904,15138,28432
2018-06-23,94939,15159,28453
2018-06-24,94995,15176,28475
2018-06-25,95076,15197,28513
2018-06-26,95158,15222,28549
2018-06-27,95254,15245,28596
2018-06-28,95350,15283,28648
2018-06-29,95440,15309,28672
2018-06-30,95483,15336,28703
2018-07-01,95524,15353,28718
2018-07-02,95597,15373,28746
2018-07-03,95700,15403,28780
2018-07-04,95783,15425,28807
2018-07-05,95865,15453,28846
2018-07-06,95958,15472,28877
2018-07-07,96015,15495,28902
2018-07-08,96070,15506,28927
2018-07-09,96176,15536,28967
2018-07-10,96262,15557,29008
2018-07-11,96353,15594,29045
2018-07-12,96441,15622,29080
2018-07-13,96524,15645,29116
2018-07-14,96581,15660,29139
2018-07-15,96619,15670,29158
2018-07-16,96702,15700,29186
2018-07-17,96776,15722,29230
2018-07-18,96875,15743,29264
2018-07-19,96997,15767,29300
2018-07-20,97069,15787,29326
2018-07-21,97127,15805,29347
2018-07-22,97165,15823,29365
2018-07-23,97241,15840,29404
2018-07-24,97342,15862,29436
2018-07-25,97466,15909,29469
2018-07-26,97553,15934,29500
2018-07-27,97630,15962,29526
2018-07-28,97687,15982,29547
2018-07-29,97736,15999,29581
2018-07-30,97826,16020,29624
2018-07-31,97902,16053,29648
2018-08-01,97992,16082,29674
2018-08-02,98069,16123,29709
2018-08-03,98140,16147,29743
2018-08-04,98185,16160,29768
2018-08-05,98241,16174,29785
2018-08-06,98315,16191,29815
2018-08-07,98398,16222,29859
2018-08-08,98488,16248,29891
2018-08-09,98575,16280,29930
2018-08-10,98664,16310,29972
2018-08-11,98696,16329,29989
2018-08-12,98761,16344,30014
2018-08-13,98834,16373,30041
2018-08-14,98920,16402,30074
2018-08-15,99002,16433,30109
2018-08-16,99078,16465,30138
2018-08-17,99139,16483,30168
2018-08-18,99182,16502,30183
2018-08-19,99235,16517,30202
2018-08-20,99305,16536,30233
2018-08-21,99395,16563,30272
2018-08-22,99463,16590,30304
2018-08-23,99530,16620,30342
2018-08-24,99603,16642,30383
2018-08-25,99636,16662,30416
2018-08-26,99676,16687,30440
2018-08-27,99751,16712,30466
2018-08-28,99831,16739,30500
2018-08-29,99914,16764,30533
2018-08-30,99982,16796,30566
2018-08-31,100063,16820,30597
2018-09-01,100114,16832,30618
2018-09-02,100157,16849,30638
2018-09-03,100228,16870,30659
2018-09-04,100312,16898,30686
2018-09-05,100389,16926,30723
2018-09-06,100463,16952,30752
2018-09-07,100523,16980,30774
2018-09-08,100562,17005,30796
2018-09-09,100611,17027,30822
2018-09-10,100687,17049,30856
2018-09-11,100766,17073,30889
2018-09-12,100844,17112,30916
2018-09-13,100928,17145,30963
2018-09-14,101015,17170,31000
2018-09-15,101065,17201,31019
2018-09-16,101097,17222,31035
2018-09-17,101163,17255,31066
2018-09-18,101237,17283,31093
2018-09-19,101337,17318,31119
2018-09-20,101468,17360,31154
2018-09-21,101609,17394,31194
2018-09-22,101673,17409,31216
2018-09-23,101727,17430,31234
2018-09-24,101797,17451,31256
2018-09-25,101873,17475,31289
2018-09-26,101981,17510,31330
2018-09-27,102096,17537,31359
2018-09-28,102201,17574,31397
2018-09-29,102317,17597,31429
2018-09-30,102394,17620,31449
2018-10-01,102516,17645,31480
2018-10-02,102625,17699,31502
2018-10-03,102679,17804,31523
2018-10-04,102748,17925,31549
2018-10-05,102822,18008,31574
2018-10-06,102878,18055,31594
2018-10-07,102932,18078,31626
2018-10-08,103016,18122,31656
2018-10-09,103101,18174,31704
2018-10-10,103170,18220,31736
2018-10-11,103255,18255,31760
2018-10-12,103353,18289,31790
2018-10-13,103411,18319,31809
2018-10-14,103468,18351,31842
2018-10-15,103535,18378,31879
2018-10-16,103620,18421,31916
2018-10-17,103716,18488,31950
2018-10-18,103816,18549,31987
2018-10-19,103903,18586,32008
2018-10-20,103946,18616,32025
2018-10-21,104001,18638,32049
2018-10-22,104083,18689,32088
2018-10-23,104191,18730,32124
2018-10-24,104290,18767,32157
2018-10-25,104372,18817,32201
2018-10-26,104445,18851,32232
2018-10-27,104499,18878,32262
2018-10-28,104549,18905,32287
2018-10-29,104639,18944,32319
2018-10-30,104735,18997,32361
2018-10-31,104821,19033,32391
2018-11-01,104897,19066,32422
2018-11-02,104956,19099,32450
2018-11-03,105002,19128,32468
2018-11-04,105064,19152,32488
2018-11-05,105170,19178,32521
2018-11-06,105303,19213,32553
2018-11-07,105400,19261,32585
2018-11-08,105481,19297,32615
2018-11-09,105577,19351,32652
2018-11-10,105624,19387,32676
2018-11-11,105676,19415,32691
2018-11-12,105783,19465,32730
2018-11-13,105861,19528,32769
2018-11-14,105944,19581,32811
2018-11-15,106024,19621,32851
2018-11-16,106088,19665,32881
2018-11-17,106147,19688,32910
2018-11-18,106200,19713,32944
2018-11-19,106279,19758,32987
2018-11-20,106363,19805,33021
2018-11-21,106473,19846,33052
2018-11-22,106565,19879,33091
2018-11-23,106621,19913,33124
2018-11-24,106674,19935,33142
2018-11-25,106733,19953,33168
2018-11-26,106801,20001,33199
2018-11-27,106879,20029,33241
2018-11-28,107002,20072,33292
2018-11-29,107076,20108,33326
2018-11-30,107153,20134,33358
2018-12-01,107203,20157,33380
2018-12-02,107266,20177,33405
2018-12-03,107344,20215,33435
2018-12-04,107429,20251,33478
2018-12-05,107511,20286,33515
2018-12-06,107607,20322,33554
2018-12-07,107682,20400,33583
2018-12-08,107741,20604,33606
2018-12-09,107794,20665,33632
2018-12-10,107864,20748,33674
2018-12-11,107965,20823,33720
2018-12-12,108041,20881,33758
2018-12-13,108119,20925,33784
2018-12-14,108177,20974,33811
2018-12-15,108215,21010,33838
2018-12-16,108268,21041,33864
2018-12-17,108345,21091,33900
2018-12-18,108425,21145,33931
2018-12-19,108504,21183,33978
2018-12-20,108574,21226,34013
2018-12-21,108637,21260,34048
2018-12-22,108680,21288,34077
2018-12-23,108730,21312,34095
2018-12-24,108806,21351,34144
2018-12-25,108869,21385,34170
2018-12-26,108922,21417,34205
2018-12-27,109010,21462,34231
2018-12-28,109075,21503,34264
2018-12-29,109147,21535,34299
2018-12-30,109192,21556,34315
2018-12-31,109219,21580,34330
2019-01-01,109248,21598,34348
2019-01-02,109319,21637,34378
2019-01-03,109379,21674,34412
2019-01-04,109443,21700,34450
2019-01-05,109494,21727,34473
2019-01-06,109534,21751,34491
2019-01-07,109601,21793,34534
2019-01-08,109705,21850,34569
2019-01-09,109793,21896,34608
2019-01-10,109878,21930,34647
2019-01-11,109950,21974,34671
2019-01-12,110001,21995,34692
2019-01-13,110050,22019,34719
2019-01-14,110128,22052,34747
2019-01-15,110217,22096,34785
2019-01-16,110305,22121,34827
2019-01-17,110398,22163,34865
2019-01-18,110488,22197,34894
2019-01-19,110533,22217,34911
2019-01-20,110583,22233,34927
2019-01-21,110651,22273,34965
2019-01-22,110741,22315,35005
2019-01-23,110850,22352,35037
2019-01-24,110945,22369,35064
2019-01-25,111023,22397,35084
2019-01-26,111075,22426,35094
2019-01-27,111121,22449,35126
2019-01-28,111198,22493,35158
2019-01-29,111276,22533,35193
2019-01-30,111355,22560,35228
2019-01-31,111410,22583,35255
2019-02-01,111501,22614,35292
2019-02-02,111565,22634,35311
2019-02-03,111626,22667,35326
2019-02-04,111677,22691,35351
2019-02-05,111713,22721,35366
2019-02-06,111758,22756,35397
2019-02-07,111800,22785,35422
2019-02-08,111844,22817,35446
2019-02-09,111886,22839,35462
2019-02-10,111927,22856,35480
2019-02-11,111996,22887,35509
2019-02-12,112067,22926,35545
2019-02-13,112137,22964,35574
2019-02-14,112222,23008,35601
2019-02-15,112290,23048,35629
2019-02-16,112341,23064,35646
2019-02-17,112393,23086,35663
2019-02-18,112485,23128,35699
2019-02-19,112552,23167,35741
2019-02-20,112620,23202,35765
2019-02-21,112691,23243,35791
2019-02-22,112765,23270,35830
2019-02-23,112812,23283,35845
2019-02-24,112871,23303,35865
2019-02-25,112949,23330,35897
2019-02-26,113035,23363,35943
2019-02-27,113130,23407,35963
2019-02-28,113204,23441,36004
2019-03-01,113283,23466,36026
2019-03-02,113334,23493,36051
2019-03-03,113386,23517,36078
2019-03-04,113471,23567,36110
2019-03-05,113547,23601,36145
2019-03-06,113637,23643,36180
2019-03-07,113826,23685,36214
2019-03-08,113970,23719,36253
2019-03-09,114054,23745,36284
2019-03-10,114137,23781,36310
2019-03-11,114229,23836,36339
2019-03-12,114327,23883,36371
2019-03-13,114451,23922,36407
2019-03-14,114585,23955,36434
2019-03-15,114680,23996,36472
2019-03-16,114747,24019,36495
2019-03-17,114819,24046,36517
2019-03-18,114929,24080,36552
2019-03-19,115014,24121,36603
2019-03-20,115102,24173,36643
2019-03-21,115197,24208,36683
2019-03-22,115287,24245,36717
2019-03-23,115338,24269,36745
2019-03-24,115378,24291,36768
2019-03-25,115458,24339,36805
2019-03-26,115538,24366,36834
2019-03-27,115629,24402,36870
2019-03-28,115768,24444,36907
2019-03-29,115909,24486,36950
2019-03-30,115999,24520,36979
2019-03-31,116071,24547,37006
2019-04-01,116190,24594,37056
2019-04-02,116291,24630,37088
2019-04-03,116398,24676,37123
2019-04-04,116483,24708,37160
2019-04-05,116553,24739,37199
2019-04-06,116602,24767,37222
2019-04-07,116647,24789,37245
2019-04-08,116738,24825,37282
2019-04-09,116845,24887,37328
2019-04-10,116947,24932,37371
2019-04-11,117024,24965,37403
2019-04-12,117107,24986,37446
2019-04-13,117165,25014,37482
2019-04-14,117228,25037,37511
2019-04-15,117312,25070,37541
2019-04-16,117419,25124,37583
2019-04-17,117498,25161,37631
2019-04-18,117583,25201,37658
2019-04-19,117663,25242,37693
2019-04-20,117720,25268,37726
2019-04-21,117770,25286,37752
2019-04-22,117856,25317,37787
2019-04-23,117930,25366,37824
2019-04-24,118001,25413,37881
2019-04-25,118088,25457,37925
2019-04-26,118161,25504,37960
2019-04-27,118215,25519,37977
2019-04-28,118281,25562,38006
2019-04-29,118346,25595,38045
2019-04-30,118420,25625,38085
2019-05-01,118472,25671,38106
2019-05-02,118529,25719,38125
2019-05-03,118574,25743,38145
2019-05-04,118619,25776,38180
2019-05-05,118686,25822,38216
2019-05-06,118778,25868,38253
2019-05-07,118861,25908,38288
2019-05-08,118960,25954,38319
2019-05-09,119072,25992,38351
2019-05-10,119154,26036,38388
2019-05-11,119206,26072,38405
2019-05-12,119254,26090,38429
2019-05-13,119338,26115,38446
2019-05-14,119415,26151,38482
2019-05-15,119507,26190,38525
2019-05-16,119593,26234,38567
2019-05-17,119656,26269,38591
2019-05-18,119699,26293,38612
2019-05-19,119753,26316,38640
2019-05-20,119817,26354,38665
2019-05-21,119875,26392,38698
2019-05-22,119955,26428,38731
2019-05-23,120041,26463,38759
2019-05-24,120130,26491,38789
2019-05-25,120188,26518,38815
2019-05-26,120237,26539,38830
2019-05-27,120303,26564,38855
2019-05-28,120368,26594,38887
2019-05-29,120439,26637,38914
2019-05-30,120512,26676,38941
2019-05-31,120579,26700,38971
2019-06-01,120611,26722,38987
2019-06-02,120652,26747,38996
2019-06-03,120727,26782,39016
2019-06-04,120792,26819,39050
2019-06-05,120861,26848,39073
2019-06-06,120921,26874,39099
2019-06-07,120976,26890,39121
2019-06-08,121014,26915,39137
2019-06-09,121074,26933,39163
2019-06-10,121141,26962,39214
2019-06-11,121205,27016,39249
2019-06-12,121264,27054,39278
2019-06-13,121328,27084,39309
2019-06-14,121382,27113,39339
2019-06-15,121420,27138,39361
2019-06-16,121462,27159,39382
2019-06-17,121507,27204,39411
2019-06-18,121571,27246,39434
2019-06-19,121637,27291,39462
2019-06-20,121698,27323,39496
2019-06-21,121763,27350,39514
2019-06-22,121809,27372,39533
2019-06-23,121839,27395,39549
2019-06-24,121882,27422,39583
2019-06-25,121943,27447,39615
2019-06-26,121997,27482,39644
2019-06-27,122062,27516,39665
2019-06-28,122106,27542,39689
2019-06-29,122149,27557,39702
2019-06-30,122189,27577,39718
2019-07-01,122243,27602,39742
2019-07-02,122313,27633,39774
2019-07-03,122366,27668,39800
2019-07-04,122422,27705,39831
2019-07-05,122480,27730,39858
2019-07-06,122512,27752,39879
2019-07-07,122551,27766,39893
2019-07-08,122615,27785,39914
2019-07-09,122681,27822,39948
2019-07-10,122749,27864,39977
2019-07-11,122828,27895,40012
2019-07-12,122896,27931,40036
2019-07-13,122941,27945,40049
2019-07-14,122974,27964,40073
2019-07-15,123035,27993,40099
2019-07-16,123098,28025,40134
2019-07-17,123171,28060,40169
2019-07-18,123257,28099,40200
2019-07-19,123340,28125,40227
2019-07-20,123398,28142,40239
2019-07-21,123458,28164,40256
2019-07-22,123527,28193,40285
2019-07-23,123582,28229,40311
2019-07-24,123667,28265,40348
2019-07-25,123735,28304,40370
2019-07-26,123784,28349,40400
2019-07-27,123836,28378,40410
2019-07-28,123872,28400,40427
2019-07-29,123926,28438,40443
2019-07-30,123990,28477,40479
2019-07-31,124045,28518,40523
2019-08-01,124109,28556,40561
2019-08-02,124167,28582,40589
2019-08-03,124208,28595,40604
2019-08-04,124252,28608,40623
2019-08-05,124318,28637,40652
2019-08-06,124384,28668,40701
2019-08-07,124449,28698,40727
2019-08-08,124509,28732,40759
2019-08-09,124566,28775,40782
2019-08-10,124600,28797,40797
2019-08-11,124629,28823,40814
2019-08-12,124679,28848,40842
2019-08-13,124749,28877,40858
2019-08-14,124801,28915,40881
2019-08-15,124849,28939,40897
2019-08-16,124912,28971,40917
2019-08-17,124944,28987,40924
2019-08-18,124965,29016,40945
2019-08-19,125025,29050,40979
2019-08-20,125086,29086,40998
2019-08-21,125144,29107,41025
2019-08-22,125190,29138,41051
2019-08-23,125243,29166,41075
2019-08-24,125292,29182,41087
2019-08-25,125327,29194,41105
2019-08-26,125387,29230,41130
2019-08-27,125452,29265,41155
2019-08-28,125506,29307,41175
2019-08-29,125556,29338,41197
2019-08-30,125595,29357,41217
2019-08-31,125629,29369,41225
2019-09-01,125652,29384,41236
2019-09-02,125721,29420,41257
2019-09-03,125774,29451,41282
2019-09-04,125836,29485,41311
2019-09-05,125898,29523,41348
2019-09-06,125963,29552,41375
2019-09-07,125992,29570,41402
2019-09-08,126026,29587,41417
2019-09-09,126071,29611,41436
2019-09-10,126139,29639,41454
2019-09-11,126237,29668,41483
2019-09-12,126312,29701,41507
2019-09-13,126356,29716,41522
2019-09-14,126391,29729,41539
2019-09-15,126419,29749,41556
2019-09-16,126482,29774,41580
2019-09-17,126541,29792,41619
2019-09-18,126624,29821,41663
2019-09-19,126697,29843,41688
2019-09-20,126763,29866,41710
2019-09-21,126794,29882,41731
2019-09-22,126832,29901,41752
2019-09-23,126884,29928,41771
2019-09-24,126946,29954,41797
2019-09-25,127033,29989,41830
2019-09-26,127111,30030,41848
2019-09-27,127187,30068,41868
2019-09-28,127223,30081,41877
2019-09-29,127276,30100,41899
2019-09-30,127404,30135,41928
2019-10-01,127569,30156,41943
2019-10-02,127634,30172,41956
2019-10-03,127703,30194,41973
2019-10-04,127760,30212,41986
2019-10-05,127800,30226,42000
2019-10-06,127842,30246,42022
2019-10-07,127891,30272,42046
2019-10-08,127958,30307,42069
2019-10-09,128018,30335,42096
2019-10-10,128071,30383,42115
2019-10-11,128136,30490,42138
2019-10-12,128189,30567,42161
2019-10-13,128226,30629,42174
2019-10-14,128274,30730,42194
2019-10-15,128349,30835,42222
2019-10-16,128397,30886,42253
2019-10-17,128453,30929,42275
2019-10-18,128506,30957,42292
2019-10-19,128528,30979,42304
2019-10-20,128562,30997,42316
2019-10-21,128628,31041,42335
2019-10-22,128686,31072,42362
2019-10-23,128738,31116,42394
2019-10-24,128790,31148,42475
2019-10-25,128831,31180,42499
2019-10-26,128860,31192,42507
2019-10-27,128887,31213,42519
2019-10-28,128930,31252,42533
2019-10-29,128980,31282,42552
2019-10-30,129026,31317,42573
2019-10-31,129087,31352,42590
2019-11-01,129144,31383,42605
2019-11-02,129175,31406,42626
2019-11-03,129212,31429,42639
2019-11-04,129278,31461,42661
2019-11-05,129330,31491,42690
2019-11-06,129384,31518,42712
2019-11-07,129449,31542,42737
2019-11-08,129497,31573,42745
2019-11-09,129549,31597,42760
2019-11-10,129579,31618,42770
2019-11-11,129630,31650,42794
2019-11-12,129682,31684,42820
2019-11-13,129739,31708,42841
2019-11-14,129791,31744,42860
2019-11-15,129836,31767,42877
2019-11-16,129863,31787,42896
2019-11-17,129896,31807,42920
2019-11-18,129949,31831,42943
2019-11-19,130019,31855,42963
2019-11-20,130088,31897,42987
2019-11-21,130147,31934,43007
2019-11-22,130324,31982,43020
2019-11-23,130394,32012,43031
2019-11-24,130443,32036,43045
2019-11-25,130494,32064,43074
2019-11-26,130553,32102,43103
2019-11-27,130624,32130,43132
2019-11-28,130685,32159,43164
2019-11-29,130754,32180,43197
2019-11-30,130795,32193,43211
2019-12-01,130833,32213,43224
2019-12-02,130888,32256,43241
2019-12-03,130940,32297,43259
2019-12-04,130993,32334,43287
2019-12-05,131052,32382,43307
2019-12-06,131112,32420,43331
2019-12-07,131147,32447,43343
2019-12-08,131184,32472,43355
2019-12-09,131230,32509,43370
2019-12-10,131296,32545,43388
2019-12-11,131355,32583,43413
2019-12-12,131406,32620,43430
2019-12-13,131445,32655,43445
2019-12-14,131470,32670,43458
2019-12-15,131504,32692,43468
2019-12-16,131545,32729,43501
2019-12-17,131601,32761,43539
2019-12-18,131652,32803,43567
2019-12-19,131698,32833,43594
2019-12-20,131750,32857,43605
2019-12-21,131784,32872,43612
2019-12-22,131812,32885,43626
2019-12-23,131856,32911,43644
2019-12-24,131897,32932,43665
2019-12-25,131941,32960,43687
2019-12-26,131984,32982,43701
2019-12-27,132027,33009,43717
2019-12-28,132061,33031,43730
2019-12-29,132091,33055,43739
2019-12-30,132136,33072,43759
2019-12-31,132167,33094,43775
2020-01-01,132190,33111,43790
2020-01-02,132227,33135,43808
2020-01-03,132277,33158,43822
2020-01-04,132304,33180,43837
2020-01-05,132334,33194,43845
2020-01-06,132375,33214,43865
2020-01-07,132417,33247,43878
2020-01-08,132463,33270,43893
2020-01-09,132521,33301,43908
2020-01-10,132572,33335,43926
2020-01-11,132600,33360,43937
2020-01-12,132628,33385,43950
2020-01-13,132672,33415,43971
2020-01-14,132709,33434,43982
2020-01-15,132754,33457,44000
2020-01-16,132797,33495,44021
2020-01-17,132837,33522,44033
2020-01-18,132861,33544,44045
2020-01-19,132897,33567,44063
2020-01-20,132925,33582,44079
2020-01-21,132964,33605,44093
2020-01-22,132997,33625,44107
2020-01-23,133026,33641,44123
2020-01-24,133053,33656,44130
2020-01-25,133078,33662,44136
2020-01-26,133104,33672,44145
2020-01-27,133141,33691,44158
2020-01-28,133187,33707,44172
2020-01-29,133219,33731,44186
2020-01-30,133261,33752,44200
2020-01-31,133282,33770,44219
2020-02-01,133312,33786,44230
2020-02-02,133344,33812,44245
2020-02-03,133367,33845,44259
2020-02-04,133396,33870,44272
2020-02-05,133434,33900,44286
2020-02-06,133472,33932,44294
2020-02-07,133503,33953,44311
2020-02-08,133525,33970,44321
2020-02-09,133556,33994,44333
2020-02-10,133586,34024,44351
2020-02-11,133633,34061,44368
2020-02-12,133676,34097,44382
2020-02-13,133720,34129,44399
2020-02-14,133748,34159,44417
2020-02-15,133776,34186,44429
2020-02-16,133803,34208,44439
2020-02-17,133852,34237,44463
2020-02-18,133891,34263,44485
2020-02-19,133944,34288,44498
2020-02-20,134004,34308,44521
2020-02-21,134044,34340,44540
2020-02-22,134069,34363,44551
2020-02-23,134115,34391,44568
2020-02-24,134142,34420,44587
2020-02-25,134177,34450,44606
2020-02-26,134214,34479,44628
2020-02-27,134249,34504,44653
2020-02-28,134290,34529,44667
2020-02-29,134338,34551,44678
2020-03-01,134383,34569,44685
2020-03-02,134437,34600,44700
2020-03-03,134492,34631,44717
2020-03-04,134531,34662,44733
2020-03-05,134566,34688,44754
2020-03-06,134606,34718,44764
2020-03-07,134654,34733,44782
2020-03-08,134690,34753,44795
2020-03-09,134736,34779,44810
2020-03-10,134782,34816,44829
2020-03-11,134822,34880,44849
2020-03-12,134873,34946,44862
2020-03-13,134917,35002,44883
2020-03-14,134952,35026,44897
2020-03-15,134990,35042,44908
2020-03-16,135026,35076,44925
2020-03-17,135066,35104,44939
2020-03-18,135113,35125,44953
2020-03-19,135155,35145,44968
2020-03-20,135194,35170,44979
2020-03-21,135231,35190,44997
2020-03-22,135262,35212,45015
2020-03-23,135313,35239,45027
2020-03-24,135356,35260,45041
2020-03-25,135401,35293,45060
2020-03-26,135459,35325,45079
2020-03-27,135499,35349,45095
2020-03-28,135535,35375,45108
2020-03-29,135579,35393,45137
2020-03-30,135629,35421,45161
2020-03-31,135679,35449,45179
2020-04-01,135736,35483,45204
2020-04-02,135795,35503,45216
2020-04-03,135834,35534,45232
2020-04-04,135886,35560,45256
2020-04-05,135927,35582,45294
2020-04-06,135972,35610,45326
2020-04-07,136031,35641,45348
2020-04-08,136068,35673,45366
2020-04-09,136112,35697,45385
2020-04-10,136143,35726,45394
2020-04-11,136187,35749,45413
2020-04-12,136224,35781,45429
2020-04-13,136273,35806,45443
2020-04-14,136333,35849,45466
2020-04-15,136386,35883,45487
2020-04-16,136433,35902,45505
2020-04-17,136479,35935,45522
2020-04-18,136520,35960,45536
2020-04-19,136557,35984,45556
2020-04-20,136611,36008,45572
2020-04-21,136662,36046,45589
2020-04-22,136694,36091,45608
2020-04-23,136732,36129,45634
2020-04-24,136781,36167,45649
2020-04-25,136820,36188,45665
2020-04-26,136864,36224,45675
2020-04-27,136909,36262,45694
2020-04-28,136952,36293,45707
2020-04-29,136996,36320,45729
2020-04-30,137044,36346,45747
2020-05-01,137080,36374,45763
2020-05-02,137110,36400,45776
2020-05-03,137147,36430,45787
2020-05-04,137190,36457,45805
2020-05-05,137226,36486,45828
2020-05-06,137270,36508,45848
2020-05-07,137317,36541,45863
2020-05-08,137365,36576,45877
2020-05-09,137406,36601,45896
2020-05-10,137449,36619,45913
2020-05-11,137517,36660,45929
2020-05-12,137577,36696,45951
2020-05-13,137636,36728,45974
2020-05-14,137691,36767,45986
2020-05-15,137737,36799,46007
2020-05-16,137771,36825,46018
2020-05-17,137805,36852,46035
2020-05-18,137856,36886,46052
2020-05-19,137905,36911,46067
2020-05-20,137954,36943,46090
2020-05-21,138011,36980,46103
2020-05-22,138058,37013,46122
2020-05-23,138096,37034,46140
2020-05-24,138140,37055,46154
2020-05-25,138194,37070,46174
2020-05-26,138238,37102,46188
2020-05-27,138296,37132,46203
2020-05-28,138329,37165,46217
2020-05-29,138379,37199,46235
2020-05-30,138419,37217,46243
2020-05-31,138455,37238,46258
2020-06-01,138501,37263,46274
2020-06-02,138556,37290,46284
2020-06-03,138603,37314,46300
2020-06-04,138649,37337,46325
2020-06-05,138695,37368,46341
2020-06-06,138727,37381,46352
2020-06-07,138760,37395,46365
2020-06-08,138793,37419,46375
2020-06-09,138842,37441,46389
2020-06-10,138888,37478,46404
2020-06-11,138931,37499,46420
2020-06-12,138987,37529,46442
2020-06-13,139017,37550,46453
2020-06-14,139051,37569,46463
2020-06-15,139097,37605,46475
2020-06-16,139148,37631,46489
2020-06-17,139192,37657,46502
2020-06-18,139225,37697,46514
2020-06-19,139269,37725,46525
2020-06-20,139300,37739,46534
2020-06-21,139332,37760,46536
2020-06-22,139372,37786,46549
2020-06-23,139420,37822,46562
2020-06-24,139449,37847,46581
2020-06-25,139483,37869,46594
2020-06-26,139515,37894,46610
2020-06-27,139540,37919,46623
2020-06-28,139581,37952,46636
2020-06-29,139622,37978,46644
2020-06-30,139659,38006,46658
2020-07-01,139712,38037,46673
2020-07-02,139759,38062,46690
2020-07-03,139798,38104,46709
2020-07-04,139823,38126,46715
2020-07-05,139849,38138,46727
2020-07-06,139886,38167,46741
2020-07-07,139937,38186,46754
2020-07-08,139976,38205,46764
2020-07-09,140010,38227,46772
2020-07-10,140046,38251,46787
2020-07-11,140081,38280,46803
2020-07-12,140112,38300,46813
2020-07-13,140144,38320,46826
2020-07-14,140184,38342,46841
2020-07-15,140216,38377,46852
2020-07-16,140263,38409,46866
2020-07-17,140295,38440,46887
2020-07-18,140331,38455,46894
2020-07-19,140367,38479,46906
2020-07-20,140394,38511,46923
2020-07-21,140454,38539,46941
2020-07-22,140515,38572,46958
2020-07-23,140561,38607,46974
2020-07-24,140617,38641,46993
2020-07-25,140642,38662,47005
2020-07-26,140666,38683,47014
2020-07-27,140708,38706,47031
2020-07-28,140750,38749,47046
2020-07-29,140803,38785,47063
2020-07-30,140855,38823,47081
2020-07-31,140900,38851,47094
2020-08-01,140932,38880,47108
2020-08-02,140950,38899,47112
2020-08-03,141001,38927,47131
2020-08-04,141043,38959,47148
2020-08-05,141087,38992,47158
2020-08-06,141130,39016,47172
2020-08-07,141164,39044,47181
2020-08-08,141193,39060,47187
2020-08-09,141232,39085,47197
2020-08-10,141276,39111,47212
2020-08-11,141325,39136,47223
2020-08-12,141364,39168,47228
2020-08-13,141411,39190,47242
2020-08-14,141455,39210,47255
2020-08-15,141488,39227,47263
2020-08-16,141515,39247,47282
2020-08-17,141547,39270,47290
2020-08-18,141584,39306,47299
2020-08-19,141616,39335,47311
2020-08-20,141654,39360,47323
2020-08-21,141696,39443,47333
2020-08-22,141717,39476,47340
2020-08-23,141733,39497,47351
2020-08-24,141759,39517,47360
2020-08-25,141805,39549,47367
2020-08-26,141853,39566,47376
2020-08-27,141893,39595,47389
2020-08-28,141923,39621,47402
2020-08-29,141949,39639,47408
2020-08-30,141974,39664,47419
2020-08-31,142002,39689,47430
2020-09-01,142030,39716,47443
2020-09-02,142072,39739,47454
2020-09-03,142106,39763,47465
2020-09-04,142131,39785,47477
2020-09-05,142171,39806,47549
2020-09-06,142204,39832,47632
2020-09-07,142233,39859,47673
2020-09-08,142281,39891,47687
2020-09-09,142320,39921,47699
2020-09-10,142355,39951,47712
2020-09-11,142389,39968,47729
2020-09-12,142410,39990,47739
2020-09-13,142439,40006,47749
2020-09-14,142472,40031,47765
2020-09-15,142514,40056,47779
2020-09-16,142552,40076,47789
2020-09-17,142591,40107,47802
2020-09-18,142632,40183,47815
2020-09-19,142657,40271,47818
2020-09-20,142687,40343,47828
2020-09-21,142728,40434,47837
2020-09-22,142775,40524,47849
2020-09-23,142815,40600,47866
2020-09-24,142861,40694,47877
2020-09-25,142893,40762,47886
2020-09-26,142917,40839,47895
2020-09-27,142948,40902,47906
2020-09-28,142983,40976,47914
2020-09-29,143017,41007,47925
2020-09-30,143049,41032,47939
2020-10-01,143080,41044,47948
2020-10-02,143101,41058,47954
2020-10-03,143119,41066,47963
2020-10-04,143143,41080,47969
2020-10-05,143171,41103,47976
2020-10-06,143201,41124,47988
2020-10-07,143230,41143,48001
2020-10-08,143266,41166,48013
2020-10-09,143305,41193,48026
2020-10-10,143336,41214,48034
2020-10-11,143366,41230,48045
2020-10-12,143400,41252,48056
2020-10-13,143440,41281,48073
2020-10-14,143491,41317,48085
2020-10-15,143527,41340,48097
2020-10-16,143563,41371,48105
2020-10-17,143591,41388,48108
2020-10-18,143621,41406,48120
2020-10-19,143653,41436,48131
2020-10-20,143688,41471,48141
2020-10-21,143728,41501,48156
2020-10-22,143756,41519,48160
2020-10-23,143790,41541,48167
2020-10-24,143811,41567,48174
2020-10-25,143831,41588,48177
2020-10-26,143879,41614,48189
2020-10-27,143912,41646,48197
2020-10-28,143946,41685,48206
2020-10-29,143993,41714,48212
2020-10-30,144033,41743,48221
2020-10-31,144065,41766,48227
2020-11-01,144087,41785,48232
2020-11-02,144123,41805,48245
2020-11-03,144160,41835,48249
2020-11-04,144194,41857,48254
2020-11-05,144229,41884,48259
2020-11-06,144261,41910,48267
2020-11-07,144286,41931,48272
2020-11-08,144305,41948,48279
2020-11-09,144339,41983,48285
2020-11-10,144382,42014,48293
2020-11-11,144422,42039,48302
2020-11-12,144466,42069,48306
2020-11-13,144498,42093,48309
2020-11-14,144521,42104,48313
2020-11-15,144544,42124,48316
2020-11-16,144582,42165,48320
2020-11-17,144625,42206,48332
2020-11-18,144666,42232,48342
2020-11-19,144708,42267,48354
2020-11-20,144814,42304,48360
2020-11-21,144922,42327,48367
2020-11-22,145051,42353,48371
2020-11-23,145140,42378,48383
2020-11-24,145189,42421,48389
2020-11-25,145225,42449,48398
2020-11-26,145256,42480,48403
2020-11-27,145296,42508,48407
2020-11-28,145328,42524,48418
2020-11-29,145370,42546,48427
2020-11-30,145413,42573,48433
2020-12-01,145447,42600,48435
2020-12-02,145487,42627,48446
2020-12-03,145526,42664,48450
2020-12-04,145560,42692,48458
2020-12-05,145586,42713,48464
2020-12-06,145602,42724,48466
2020-12-07,145642,42759,48472
2020-12-08,145694,42800,48483
2020-12-09,145809,42824,48493
2020-12-10,145880,42858,48504
2020-12-11,145913,42884,48509
2020-12-12,145942,42908,48517
2020-12-13,145978,42929,48525
2020-12-14,146030,42966,48544
2020-12-15,146077,43017,48550
2020-12-16,146103,43051,48562
2020-12-17,146148,43083,48572
2020-12-18,146186,43101,48582
2020-12-19,146215,43115,48591
2020-12-20,146254,43139,48597
2020-12-21,146290,43168,48606
2020-12-22,146328,43198,48613
2020-12-23,146360,43222,48621
2020-12-24,146397,43243,48633
2020-12-25,146429,43266,48646
2020-12-26,146456,43286,48655
2020-12-27,146488,43303,48664
2020-12-28,146527,43332,48667
2020-12-29,146571,43362,48676
2020-12-30,146606,43385,48686
2020-12-31,146631,43398,48693
2021-01-01,146656,43410,48698
2021-01-02,146683,43426,48706
2021-01-03,146713,43440,48710
2021-01-04,146749,43469,48721
2021-01-05,146792,43491,48726
2021-01-06,146814,43522,48739
2021-01-07,146841,43544,48750
2021-01-08,146877,43570,48758
2021-01-09,146907,43594,48768
2021-01-10,146928,43614,48772
2021-01-11,146966,43645,48782
2021-01-12,147017,43670,48791
2021-01-13,147052,43695,48800
2021-01-14,147083,43724,48806
2021-01-15,147109,43758,48816
2021-01-16,147144,43786,48825
2021-01-17,147162,43804,48833
2021-01-18,147192,43829,48841
2021-01-19,147231,43855,48852
2021-01-20,147271,43877,48862
2021-01-21,147315,43906,48870
2021-01-22,147357,43932,48883
2021-01-23,147382,43951,48892
2021-01-24,147401,43972,48899
2021-01-25,147439,43999,48913
2021-01-26,147481,44034,48923
2021-01-27,147524,44077,48933
2021-01-28,147553,44117,48936
2021-01-29,147587,44144,48944
2021-01-30,147613,44164,48954
2021-01-31,147647,44182,48967
2021-02-01,147677,44208,48971
2021-02-02,147706,44231,48976
2021-02-03,147748,44253,48985
2021-02-04,147779,44270,48995
2021-02-05,147809,44289,49003
2021-02-06,147834,44310,49007
2021-02-07,147866,44331,49014
2021-02-08,147896,44346,49021
2021-02-09,147933,44382,49031
2021-02-10,147971,44398,49039
2021-02-11,147999,44409,49045
2021-02-12,148021,44417,49052
2021-02-13,148052,44436,49059
2021-02-14,148069,44459,49063
2021-02-15,148091,44482,49068
2021-02-16,148117,44496,49073
2021-02-17,148155,44513,49081
2021-02-18,148195,44542,49085
2021-02-19,148231,44572,49098
2021-02-20,148256,44591,49106
2021-02-21,148279,44612,49116
2021-02-22,148317,44636,49122
2021-02-23,148354,44669,49131
2021-02-24,148384,44691,49139
2021-02-25,148414,44718,49145
2021-02-26,148439,44734,49153
2021-02-27,148470,44751,49157
2021-02-28,148499,44762,49162
2021-03-01,148541,44791,49166
2021-03-02,148578,44818,49177
2021-03-03,148615,44845,49185
2021-03-04,148652,44878,49199
2021-03-05,148686,44936,49210
2021-03-06,148711,44962,49215
2021-03-07,148743,44985,49219
2021-03-08,148784,45028,49231
2021-03-09,148829,45052,49237
2021-03-10,148864,45076,49242
2021-03-11,148900,45105,49253
2021-03-12,148926,45127,49259
2021-03-13,148952,45148,49264
2021-03-14,148983,45165,49270
2021-03-15,149011,45195,49277
2021-03-16,149035,45215,49285
2021-03-17,149075,45254,49291
2021-03-18,149116,45273,49301
2021-03-19,149159,45306,49307
2021-03-20,149185,45328,49311
2021-03-21,149209,45343,49314
2021-03-22,149245,45376,49322
2021-03-23,149279,45405,49330
2021-03-24,149311,45422,49338
2021-03-25,149343,45449,49346
2021-03-26,149378,45472,49350
2021-03-27,149420,45489,49354
2021-03-28,149449,45509,49359
2021-03-29,149478,45535,49366
2021-03-30,149513,45557,49374
2021-03-31,149551,45583,49385
2021-04-01,149596,45619,49390
2021-04-02,149628,45637,49393
2021-04-03,149657,45648,49399
2021-04-04,149678,45659,49403
2021-04-05,149702,45676,49407
2021-04-06,149736,45701,49411
2021-04-07,149786,45730,49424
2021-04-08,149816,45764,49439
2021-04-09,149847,45787,49448
2021-04-10,149868,45807,49457
2021-04-11,149890,45830,49463
2021-04-12,149925,45854,49469
2021-04-13,149969,45881,49476
2021-04-14,150016,45913,49484
2021-04-15,150057,45934,49490
2021-04-16,150085,45958,49493
2021-04-17,150111,45976,49499
2021-04-18,150136,45996,49503
2021-04-19,150168,46016,49504
2021-04-20,150207,46042,49510
2021-04-21,150238,46077,49520
2021-04-22,150280,46107,49530
2021-04-23,150310,46127,49535
2021-04-24,150343,46146,49542
2021-04-25,150382,46173,49550
2021-04-26,150417,46188,49557
2021-04-27,150451,46209,49564
2021-04-28,150498,46231,49571
2021-04-29,150630,46261,49579
2021-04-30,150697,46283,49587
2021-05-01,150730,46299,49593
2021-05-02,150748,46313,49598
2021-05-03,150780,46335,49606
2021-05-04,150804,46350,49615
2021-05-05,150824,46361,49617
2021-05-06,150851,46384,49628
2021-05-07,150879,46410,49633
2021-05-08,150904,46438,49634
2021-05-09,150923,46456,49640
2021-05-10,150951,46476,49647
2021-05-11,150990,46501,49654
2021-05-12,151019,46522,49667
2021-05-13,151049,46555,49672
2021-05-14,151084,46573,49676
2021-05-15,151108,46598,49681
2021-05-16,151130,46618,49689
2021-05-17,151166,46641,49699
2021-05-18,151201,46662,49704
2021-05-19,151228,46689,49711
2021-05-20,151261,46715,49718
2021-05-21,151297,46739,49725
2021-05-22,151318,46750,49729
2021-05-23,151339,46767,49737
2021-05-24,151371,46787,49744
2021-05-25,151419,46811,49757
2021-05-26,151469,46840,49765
2021-05-27,151513,46876,49776
2021-05-28,151542,46887,49783
2021-05-29,151558,46908,49789
2021-05-30,151588,46927,49791
2021-05-31,151616,46950,49796
2021-06-01,151644,46968,49806
2021-06-02,151685,46990,49810
2021-06-03,151721,47020,49821
2021-06-04,151753,47041,49830
2021-06-05,151773,47057,49834
2021-06-06,151788,47082,49849
2021-06-07,151816,47108,49854
2021-06-08,151855,47134,49861
2021-06-09,151890,47160,49866
2021-06-10,151931,47195,49871
2021-06-11,151964,47212,49874
2021-06-12,152067,47226,49885
2021-06-13,152130,47242,49889
2021-06-14,152155,47251,49890
2021-06-15,152189,47265,49898
2021-06-16,152226,47284,49937
2021-06-17,152268,47317,50044
2021-06-18,152291,47335,50120
2021-06-19,152311,47356,50232
2021-06-20,152323,47369,50280
2021-06-21,152357,47405,50291
2021-06-22,152386,47427,50310
2021-06-23,152421,47451,50323
2021-06-24,152447,47475,50330
2021-06-25,152480,47500,50343
2021-06-26,152493,47518,50351
2021-06-27,152513,47533,50354
2021-06-28,152546,47555,50361
2021-06-29,152573,47585,50375
2021-06-30,152613,47610,50393
2021-07-01,152658,47631,50406
2021-07-02,152686,47660,50411
2021-07-03,152717,47676,50419
2021-07-04,152739,47692,50428
2021-07-05,152767,47722,50442
2021-07-06,152796,47750,50452
2021-07-07,152831,47779,50464
2021-07-08,152863,47805,50468
2021-07-09,152901,47832,50474
2021-07-10,152931,47844,50477
2021-07-11,152952,47862,50482
2021-07-12,152983,47879,50491
2021-07-13,153008,47912,50504
2021-07-14,153037,47934,50511
2021-07-15,153066,47955,50520
2021-07-16,153092,47970,50533
2021-07-17,153120,47990,50540
2021-07-18,153139,48005,50545
2021-07-19,153179,48037,50555
2021-07-20,153229,48061,50558
2021-07-21,153253,48093,50564
2021-07-22,153300,48117,50574
2021-07-23,153329,48136,50584
2021-07-24,153355,48153,50594
2021-07-25,153385,48173,50602
2021-07-26,153409,48194,50609
2021-07-27,153432,48215,50624
2021-07-28,153468,48238,50636
2021-07-29,153499,48268,50645
2021-07-30,153525,48296,50650
2021-07-31,153553,48312,50656
2021-08-01,153570,48326,50660
2021-08-02,153600,48344,50670
2021-08-03,153635,48373,50676
2021-08-04,153670,48393,50685
2021-08-05,153696,48412,50691
2021-08-06,153718,48433,50699
2021-08-07,153737,48455,50709
2021-08-08,153758,48473,50721
2021-08-09,153783,48488,50725
2021-08-10,153829,48505,50740
2021-08-11,153866,48527,50746
2021-08-12,153961,48545,50758
2021-08-13,154031,48568,50766
2021-08-14,154108,48581,50778
2021-08-15,154169,48595,50783
2021-08-16,154206,48606,50795
2021-08-17,154229,48633,50807
2021-08-18,154267,48664,50822
2021-08-19,154289,48746,50837
2021-08-20,154312,48808,50846
2021-08-21,154337,48824,50849
2021-08-22,154353,48841,50855
2021-08-23,154371,48867,50866
2021-08-24,154401,48895,50881
2021-08-25,154434,48923,50894
2021-08-26,154472,48948,50901
2021-08-27,154489,48966,50904
2021-08-28,154521,48985,50909
2021-08-29,154547,48996,50916
2021-08-30,154588,49025,50926
2021-08-31,154607,49044,50935
2021-09-01,154635,49071,50946
2021-09-02,154661,49091,50954
2021-09-03,154687,49111,50964
2021-09-04,154708,49127,50972
2021-09-05,154724,49143,50979
2021-09-06,154751,49168,50985
2021-09-07,154778,49182,50988
2021-09-08,154814,49216,50995
2021-09-09,154843,49241,51004
2021-09-10,154863,49267,51154
2021-09-11,154893,49287,51181
2021-09-12,154907,49302,51196
2021-09-13,154940,49330,51216
2021-09-14,154971,49364,51230
2021-09-15,154994,49392,51239
2021-09-16,155036,49417,51260
2021-09-17,155060,49439,51276
2021-09-18,155084,49466,51293
2021-09-19,155103,49480,51301
2021-09-20,155127,49510,51312
2021-09-21,155150,49525,51318
2021-09-22,155178,49549,51328
2021-09-23,155210,49571,51339
2021-09-24,155242,49601,51352
2021-09-25,155266,49618,51361
2021-09-26,155287,49636,51364
2021-09-27,155317,49662,51378
2021-09-28,155352,49679,51399
2021-09-29,155390,49708,51409
2021-09-30,155425,49729,51425
2021-10-01,155443,49741,51436
2021-10-02,155470,49757,51444
2021-10-03,155494,49768,51451
2021-10-04,155519,49788,51464
2021-10-05,155542,49804,51471
2021-10-06,155571,49819,51480
2021-10-07,155594,49833,51491
2021-10-08,155621,49856,51496
2021-10-09,155648,49878,51509
2021-10-10,155665,49893,51519
2021-10-11,155695,49913,51539
2021-10-12,155742,49929,51546
2021-10-13,155832,49962,51558
2021-10-14,155902,49987,51567
2021-10-15,155929,50009,51576
2021-10-16,155948,50028,51588
2021-10-17,155956,50046,51595
2021-10-18,155985,50069,51606
2021-10-19,156016,50099,51621
2021-10-20,156040,50128,51626
2021-10-21,156068,50153,51641
2021-10-22,156106,50191,51656
2021-10-23,156122,50208,51669
2021-10-24,156151,50226,51677
2021-10-25,156179,50258,51685
2021-10-26,156216,50287,51703
2021-10-27,156243,50325,51709
2021-10-28,156277,50357,51720
2021-10-29,156310,50384,51735
2021-10-30,156328,50397,51745
2021-10-31,156353,50420,51751
2021-11-01,156390,50443,51767
2021-11-02,156420,50468,51784
2021-11-03,156453,50505,51802
2021-11-04,156480,50529,51816
2021-11-05,156531,50545,51831
2021-11-06,156552,50568,51845
2021-11-07,156571,50586,51856
2021-11-08,156595,50606,51869
2021-11-09,156626,50629,51883
2021-11-10,156652,50655,51899
2021-11-11,156672,50674,51910
2021-11-12,156696,50691,51918
2021-11-13,156717,50708,51931
2021-11-14,156738,50722,51942
2021-11-15,156778,50749,51951
2021-11-16,156809,50774,51961
2021-11-17,156846,50803,51970
2021-11-18,156883,50830,51983
2021-11-19,156925,50862,51997
2021-11-20,156945,50880,52002
2021-11-21,156963,50905,52008
2021-11-22,156984,50920,52019
2021-11-23,157012,50946,52031
2021-11-24,157051,50970,52043
2021-11-25,157079,50993,52057
2021-11-26,157102,51010,52066
2021-11-27,157122,51022,52078
2021-11-28,157137,51046,52088
2021-11-29,157163,51066,52100
2021-11-30,157194,51092,52107
2021-12-01,157224,51113,52112
2021-12-02,157252,51145,52125
2021-12-03,157283,51173,52139
2021-12-04,157302,51189,52146
2021-12-05,157319,51204,52152
2021-12-06,157354,51229,52163
2021-12-07,157384,51257,52185
2021-12-08,157416,51285,52201
2021-12-09,157451,51308,52209
2021-12-10,157481,51329,52223
2021-12-11,157503,51352,52229
2021-12-12,157527,51374,52237
2021-12-13,157557,51407,52243
2021-12-14,157579,51431,52249
2021-12-15,157602,51458,52260
2021-12-16,157639,51477,52270
2021-12-17,157679,51500,52284
2021-12-18,157708,51518,52297
2021-12-19,157721,51535,52302
2021-12-20,157747,51558,52313
2021-12-21,157783,51585,52323
2021-12-22,157804,51605,52341
2021-12-23,157830,51628,52351
2021-12-24,157856,51649,52359
2021-12-25,157876,51665,52370
2021-12-26,157894,51678,52372
2021-12-27,157922,51700,52385
2021-12-28,157947,51714,52395
2021-12-29,157972,51739,52403
2021-12-30,158011,51755,52415
2021-12-31,158040,51777,52419
2022-01-01,158058,51789,52427
2022-01-02,158072,51796,52441
2022-01-03,158098,51817,52448
2022-01-04,158129,51846,52459
2022-01-05,158159,51877,52467
2022-01-06,158182,51904,52482
2022-01-07,158257,51932,52498
2022-01-08,158346,51950,52505
2022-01-09,158421,51966,52511
2022-01-10,158463,51992,52521
2022-01-11,158501,52015,52528
2022-01-12,158547,52041,52540
2022-01-13,158585,52062,52557
2022-01-14,158628,52072,52573
2022-01-15,158656,52094,52590
2022-01-16,158675,52111,52595
2022-01-17,158700,52136,52610
2022-01-18,158731,52153,52629
2022-01-19,158761,52183,52637
2022-01-20,158784,52219,52649
2022-01-21,158807,52273,52660
2022-01-22,158843,52313,52671
2022-01-23,158871,52331,52689
2022-01-24,158903,52359,52705
2022-01-25,158941,52382,52724
2022-01-26,158999,52408,52736
2022-01-27,159097,52440,52746
2022-01-28,159167,52467,52755
2022-01-29,159193,52490,52757
2022-01-30,159226,52525,52768
2022-01-31,159248,52544,52774
2022-02-01,159282,52570,52784
2022-02-02,159313,52582,52797
2022-02-03,159335,52596,52812
2022-02-04,159369,52609,52820
2022-02-05,159398,52623,52827
2022-02-06,159423,52634,52834
2022-02-07,159457,52655,52847
2022-02-08,159489,52674,52855
2022-02-09,159529,52696,52868
2022-02-10,159556,52719,52875
2022-02-11,159585,52753,52888
2022-02-12,159608,52767,52898
2022-02-13,159632,52782,52913
2022-02-14,159660,52804,52924
2022-02-15,159687,52834,52932
2022-02-16,159722,52854,52945
2022-02-17,159757,52881,52953
2022-02-18,159784,52904,52961
2022-02-19,159803,52914,52967
2022-02-20,159817,52928,52978
2022-02-21,159846,52949,52987
2022-02-22,159878,52976,53005
2022-02-23,159914,53005,53019
2022-02-24,159937,53026,53036
2022-02-25,159973,53047,53050
2022-02-26,159989,53060,53101
2022-02-27,160018,53076,53281
2022-02-28,160047,53099,53368
2022-03-01,160087,53132,53402
2022-03-02,160119,53165,53426
2022-03-03,160165,53190,53442
2022-03-04,160197,53213,53453
2022-03-05,160221,53237,53473
2022-03-06,160253,53257,53486
2022-03-07,160280,53282,53503
2022-03-08,160317,53310,53518
2022-03-09,160353,53340,53527
2022-03-10,160386,53373,53544
2022-03-11,160411,53401,53565
2022-03-12,160434,53414,53578
2022-03-13,160460,53441,53594
2022-03-14,160503,53475,53608
2022-03-15,160546,53506,53620
2022-03-16,160569,53528,53635
2022-03-17,160597,53564,53645
2022-03-18,160622,53581,53659
2022-03-19,160656,53598,53669
2022-03-20,160682,53618,53675
2022-03-21,160712,53651,53691
2022-03-22,160750,53677,53712
2022-03-23,160779,53706,53728
2022-03-24,160809,53736,53745
2022-03-25,160829,53761,53761
2022-03-26,160848,53778,53772
2022-03-27,160882,53794,53784
2022-03-28,160918,53823,53801
2022-03-29,160961,53850,53816
2022-03-30,160994,53875,53828
2022-03-31,161032,53901,53838
2022-04-01,161061,53929,53846
2022-04-02,161085,53951,53860
2022-04-03,161104,53970,53864
2022-04-04,161124,53991,53880
2022-04-05,161154,54020,53893
2022-04-06,161184,54051,53902
2022-04-07,161218,54086,53918
2022-04-08,161249,54108,53928
2022-04-09,161275,54121,53945
2022-04-10,161295,54138,53953
2022-04-11,161324,54166,53962
2022-04-12,161346,54189,53977
2022-04-13,161381,54220,53987
2022-04-14,161406,54241,53998
2022-04-15,161433,54262,54007
2022-04-16,161470,54281,54016
2022-04-17,161507,54296,54028
2022-04-18,161525,54315,54037
2022-04-19,161567,54337,54056
2022-04-20,161594,54368,54069
2022-04-21,161606,54392,54078
2022-04-22,161629,54413,54089
2022-04-23,161653,54432,54095
2022-04-24,161686,54451,54105
2022-04-25,161717,54486,54119
2022-04-26,161750,54521,54130
2022-04-27,161784,54541,54144
2022-04-28,161820,54586,54155
2022-04-29,161845,54610,54166
2022-04-30,161868,54634,54170
2022-05-01,161905,54652,54178
2022-05-02,161941,54671,54184
2022-05-03,161970,54694,54195
2022-05-04,161997,54720,54206
2022-05-05,162028,54748,54217
2022-05-06,162059,54773,54223
2022-05-07,162090,54797,54231
2022-05-08,162115,54812,54240
2022-05-09,162152,54841,54252
2022-05-10,162184,54864,54266
2022-05-11,162213,54892,54276
2022-05-12,162243,54919,54287
2022-05-13,162266,54944,54293
2022-05-14,162290,54965,54296
2022-05-15,162321,54988,54303
2022-05-16,162348,55023,54310
2022-05-17,162386,55055,54331
2022-05-18,162412,55077,54349
2022-05-19,162431,55121,54361
2022-05-20,162462,55152,54371
2022-05-21,162481,55171,54378
2022-05-22,162505,55186,54382
2022-05-23,162540,55214,54394
2022-05-24,162582,55253,54410
2022-05-25,162662,55290,54415
2022-05-26,162743,55319,54425
2022-05-27,162762,55337,54432
2022-05-28,162779,55347,54436
2022-05-29,162808,55371,54447
2022-05-30,162838,55396,54460
2022-05-31,162864,55419,54475
2022-06-01,162898,55447,54493
2022-06-02,162926,55464,54505
2022-06-03,162945,55479,54517
2022-06-04,162964,55498,54524
2022-06-05,162984,55513,54532
2022-06-06,163011,55533,54539
2022-06-07,163038,55562,54555
2022-06-08,163070,55586,54569
2022-06-09,163106,55609,54577
2022-06-10,163137,55635,54590
2022-06-11,163199,55655,54596
2022-06-12,163247,55673,54605
2022-06-13,163264,55691,54616
2022-06-14,163295,55716,54631
2022-06-15,163318,55753,54637
2022-06-16,163348,55792,54647
2022-06-17,163373,55825,54656
2022-06-18,163399,55841,54664
2022-06-19,163429,55859,54674
2022-06-20,163475,55894,54686
2022-06-21,163519,55937,54705
2022-06-22,163545,55960,54712
2022-06-23,163569,55990,54720
2022-06-24,163600,56024,54725
2022-06-25,163624,56040,54734
2022-06-26,163644,56055,54736
2022-06-27,163678,56087,54741
2022-06-28,163706,56108,54751
2022-06-29,163742,56132,54764
2022-06-30,163777,56161,54773
2022-07-01,163807,56176,54781
2022-07-02,163843,56193,54789
2022-07-03,163867,56205,54795
2022-07-04,163891,56234,54809
2022-07-05,163916,56261,54824
2022-07-06,163939,56290,54838
2022-07-07,163962,56309,54845
2022-07-08,163993,56340,54857
2022-07-09,164018,56365,54872
2022-07-10,164035,56380,54878
2022-07-11,164072,56399,54888
2022-07-12,164103,56427,54900
2022-07-13,164136,56450,54911
2022-07-14,164170,56477,54921
2022-07-15,164195,56502,54930
2022-07-16,164216,56521,54937
2022-07-17,164240,56538,54942
2022-07-18,164268,56566,54950
2022-07-19,164304,56589,54955
2022-07-20,164333,56617,54966
2022-07-21,164359,56634,54976
2022-07-22,164390,56661,54984
2022-07-23,164414,56676,54995
2022-07-24,164431,56693,55004
2022-07-25,164471,56715,55017
2022-07-26,164498,56742,55028
2022-07-27,164535,56769,55039
2022-07-28,164583,56789,55059
2022-07-29,164623,56811,55069
2022-07-30,164649,56826,55078
2022-07-31,164677,56845,55089
2022-08-01,164706,56874,55094
2022-08-02,164729,56897,55100
2022-08-03,164759,56919,55110
2022-08-04,164796,56953,55127
2022-08-05,164831,56980,55136
2022-08-06,164852,57000,55140
2022-08-07,164880,57019,55146
2022-08-08,164911,57043,55159
2022-08-09,164938,57073,55171
2022-08-10,164975,57109,55181
2022-08-11,165003,57130,55190
2022-08-12,165035,57151,55204
2022-08-13,165059,57169,55210
2022-08-14,165085,57184,55214
2022-08-15,165115,57211,55226
2022-08-16,165141,57245,55235
2022-08-17,165176,57270,55246
2022-08-18,165202,57288,55257
2022-08-19,165237,57317,55264
2022-08-20,165261,57338,55269
2022-08-21,165279,57360,55274
2022-08-22,165308,57381,55286
2022-08-23,165338,57405,55295
2022-08-24,165372,57435,55305
2022-08-25,165400,57465,55315
2022-08-26,165427,57490,55329
2022-08-27,165459,57514,55334
2022-08-28,165477,57528,55339
2022-08-29,165513,57568,55347
2022-08-30,165536,57599,55355
2022-08-31,165563,57617,55371
2022-09-01,165594,57646,55389
2022-09-02,165626,57670,55400
2022-09-03,165643,57694,55402
2022-09-04,165666,57721,55415
2022-09-05,165683,57746,55425
2022-09-06,165723,57774,55438
2022-09-07,165750,57807,55449
2022-09-08,165776,57836,55459
2022-09-09,165798,57855,55464
2022-09-10,165815,57875,55478
2022-09-11,165836,57900,55488
2022-09-12,165864,57936,55493
2022-09-13,165887,57990,55505
2022-09-14,165910,58043,55517
2022-09-15,165944,58082,55530
2022-09-16,165975,58116,55539
2022-09-17,165993,58142,55548
2022-09-18,166015,58165,55557
2022-09-19,166045,58194,55575
2022-09-20,166069,58234,55588
2022-09-21,166097,58266,55599
2022-09-22,166121,58294,55617
2022-09-23,166148,58320,55624
2022-09-24,166167,58337,55636
2022-09-25,166190,58357,55645
2022-09-26,166224,58385,55655
2022-09-27,166251,58420,55665
2022-09-28,166290,58456,55686
2022-09-29,166322,58510,55702
2022-09-30,166351,58563,55711
2022-10-01,166368,58583,55715
2022-10-02,166396,58606,55723
2022-10-03,166420,58629,55729
2022-10-04,166447,58652,55733
2022-10-05,166474,58680,55740
2022-10-06,166502,58702,55753
2022-10-07,166535,58725,55764
2022-10-08,166555,58748,55772
2022-10-09,166590,58765,55780
2022-10-10,166614,58794,55790
2022-10-11,166654,58821,55799
2022-10-12,166684,58850,55811
2022-10-13,166711,58880,55820
2022-10-14,166732,58913,55828
2022-10-15,166749,58935,55839
2022-10-16,166762,58951,55849
2022-10-17,166784,58970,55855
2022-10-18,166805,58990,55862
2022-10-19,166831,59028,55869
2022-10-20,166871,59056,55876
2022-10-21,166910,59082,55882
2022-10-22,166928,59095,55885
2022-10-23,166961,59108,55890
2022-10-24,166996,59134,55901
2022-10-25,167027,59164,55914
2022-10-26,167053,59195,55922
2022-10-27,167084,59227,55932
2022-10-28,167112,59260,55939
2022-10-29,167135,59280,55946
2022-10-30,167165,59309,55953
2022-10-31,167193,59336,55959
2022-11-01,167228,59367,55966
2022-11-02,167260,59392,55973
2022-11-03,167297,59416,55989
2022-11-04,167324,59448,56000
2022-11-05,167351,59470,56011
2022-11-06,167365,59487,56021
2022-11-07,167402,59520,56034
2022-11-08,167430,59555,56052
2022-11-09,167461,59577,56068
2022-11-10,167491,59606,56087
2022-11-11,167522,59631,56101
2022-11-12,167544,59647,56111
2022-11-13,167558,59672,56118
2022-11-14,167581,59697,56129
2022-11-15,167610,59721,56139
2022-11-16,167643,59746,56150
2022-11-17,167675,59770,56160
2022-11-18,167699,59801,56174
2022-11-19,167721,59817,56186
2022-11-20,167752,59844,56198
2022-11-21,167779,59871,56209
2022-11-22,167811,59893,56223
2022-11-23,167850,59928,56241
2022-11-24,167873,59958,56248
2022-11-25,167899,59978,56254
2022-11-26,167911,59994,56259
2022-11-27,167937,60016,56265
2022-11-28,167961,60040,56272
2022-11-29,167986,60068,56279
2022-11-30,168018,60092,56290
2022-12-01,168048,60108,56300
2022-12-02,168076,60131,56307
2022-12-03,168095,60160,56309
2022-12-04,168113,60189,56318
2022-12-05,168148,60228,56332
2022-12-06,168171,60256,56341
2022-12-07,168192,60284,56346
2022-12-08,168216,60300,56350
2022-12-09,168234,60315,56355
2022-12-10,168250,60338,56359
2022-12-11,168273,60363,56365
2022-12-12,168297,60386,56373
2022-12-13,168325,60412,56377
2022-12-14,168352,60445,56386
2022-12-15,168395,60465,56407
2022-12-16,168414,60491,56413
2022-12-17,168428,60510,56416
2022-12-18,168444,60523,56427
2022-12-19,168465,60551,56439
2022-12-20,168494,60579,56454
2022-12-21,168536,60601,56468
2022-12-22,168565,60623,56472
2022-12-23,168593,60644,56479
2022-12-24,168613,60664,56487
2022-12-25,168636,60681,56495
2022-12-26,168663,60703,56506
2022-12-27,168696,60725,56517
2022-12-28,168721,60755,56533
2022-12-29,168741,60779,56540
2022-12-30,168763,60806,56547
2022-12-31,168781,60828,56553
2023-01-01,168801,60844,56558
2023-01-02,168823,60868,56569
2023-01-03,168860,60886,56580
2023-01-04,168901,60920,56586
2023-01-05,168931,60952,56596
2023-01-06,168967,60975,56607
2023-01-07,168982,60993,56611
2023-01-08,169006,61011,56620
2023-01-09,169043,61042,56634
2023-01-10,169080,61067,56650
2023-01-11,169115,61097,56656
2023-01-12,169152,61128,56668
2023-01-13,169193,61165,56680
2023-01-14,169223,61239,56687
2023-01-15,169250,61284,56690
2023-01-16,169278,61299,56700
2023-01-17,169324,61343,56715
2023-01-18,169348,61373,56721
2023-01-19,169377,61389,56726
2023-01-20,169412,61422,56740
2023-01-21,169449,61454,56748
2023-01-22,169471,61471,56755
2023-01-23,169502,61494,56763
2023-01-24,169530,61520,56770
2023-01-25,169548,61584,56777
2023-01-26,169576,61668,56784
2023-01-27,169597,61723,56788
2023-01-28,169618,61746,56800
2023-01-29,169650,61775,56809
2023-01-30,169676,61815,56819
2023-01-31,169702,61840,56832
2023-02-01,169735,61883,56842
2023-02-02,169774,61912,56855
2023-02-03,169810,61944,56865
2023-02-04,169849,61965,56872
2023-02-05,169880,61992,56877
2023-02-06,169914,62030,56885
2023-02-07,169968,62063,56900
2023-02-08,169992,62095,56906
2023-02-09,170027,62136,56922
2023-02-10,170058,62164,56931
2023-02-11,170095,62191,56945
2023-02-12,170132,62219,56956
2023-02-13,170163,62261,56966
2023-02-14,170210,62299,56981
2023-02-15,170243,62337,56992
2023-02-16,170299,62382,57001
2023-02-17,170325,62424,57011
2023-02-18,170358,62460,57023
2023-02-19,170395,62507,57038
2023-02-20,170434,62549,57045
2023-02-21,170465,62590,57062
2023-02-22,170494,62639,57075
2023-02-23,170534,62681,57090
2023-02-24,170581,62712,57103
2023-02-25,170651,62757,57114
2023-02-26,170712,62781,57125
2023-02-27,170759,62817,57133
2023-02-28,170808,62868,57145
2023-03-01,170851,62928,57156
2023-03-02,170886,62968,57164
2023-03-03,170917,63003,57181
2023-03-04,170948,63027,57192
2023-03-05,170983,63060,57200
2023-03-06,171023,63098,57208
2023-03-07,171065,63132,57225
2023-03-08,171103,63177,57241
2023-03-09,171158,63214,57257
2023-03-10,171203,63256,57271
2023-03-11,171229,63288,57283
2023-03-12,171261,63320,57296
2023-03-13,171287,63367,57308
2023-03-14,171329,63417,57320
2023-03-15,171364,63462,57327
2023-03-16,171406,63544,57347
2023-03-17,171444,63662,57365
2023-03-18,171480,63722,57378
2023-03-19,171521,63771,57388
2023-03-20,171561,63842,57400
2023-03-21,171604,63912,57421
2023-03-22,171640,63952,57438
2023-03-23,171693,64006,57455
2023-03-24,171738,64059,57469
2023-03-25,171779,64100,57479
2023-03-26,171811,64140,57490
2023-03-27,171862,64172,57512
2023-03-28,171914,64223,57519
2023-03-29,171959,64275,57535
2023-03-30,172001,64336,57549
2023-03-31,172054,64391,57556
2023-04-01,172115,64435,57563
2023-04-02,172215,64485,57577
2023-04-03,172324,64533,57585
2023-04-04,172394,64590,57597
2023-04-05,172446,64634,57606
2023-04-06,172507,64699,57619
2023-04-07,172559,64752,57633
2023-04-08,172600,64789,57644
2023-04-09,172636,64830,57657
2023-04-10,172693,64889,57678
2023-04-11,172738,64937,57695
2023-04-12,172788,65003,57707
2023-04-13,172847,65073,57723
2023-04-14,172888,65121,57737
2023-04-15,172927,65154,57744
2023-04-16,172966,65228,57752
2023-04-17,173015,65357,57763
2023-04-18,173057,65441,57786
2023-04-19,173106,65523,57801
2023-04-20,173145,65588,57818
2023-04-21,173186,65640,57866
2023-04-22,173227,65675,57936
2023-04-23,173269,65722,57954
2023-04-24,173311,65774,57968
2023-04-25,173373,65829,57987
2023-04-26,173414,65872,58011
2023-04-27,173459,65918,58029
2023-04-28,173505,65967,58042
2023-04-29,173540,65995,58054
2023-04-30,173566,66027,58063
2023-05-01,173600,66061,58081
2023-05-02,173636,66090,58092
2023-05-03,173689,66122,58106
2023-05-04,173742,66166,58121
2023-05-05,173815,66219,58136
2023-05-06,173884,66260,58154
2023-05-07,173917,66296,58162
2023-05-08,173964,66350,58176
2023-05-09,174014,66417,58189
2023-05-10,174073,66464,58206
2023-05-11,174139,66525,58222
2023-05-12,174173,66565,58237
2023-05-13,174210,66601,58250
2023-05-14,174250,66636,58263
2023-05-15,174307,66679,58276
2023-05-16,174356,66727,58290
2023-05-17,174404,66768,58303
2023-05-18,174458,66818,58314
2023-05-19,174506,66861,58324
2023-05-20,174551,66892,58330
2023-05-21,174584,66928,58339
2023-05-22,174635,66962,58351
2023-05-23,174694,67008,58364
2023-05-24,174751,67057,58376
2023-05-25,174793,67108,58389
2023-05-26,174839,67169,58397
2023-05-27,174881,67198,58408
2023-05-28,174929,67227,58416
2023-05-29,174980,67267,58430
2023-05-30,175039,67318,58445
2023-05-31,175077,67355,58453
2023-06-01,175122,67388,58461
2023-06-02,175160,67429,58476
2023-06-03,175181,67465,58484
2023-06-04,175211,67492,58496
2023-06-05,175248,67528,58508
2023-06-06,175284,67578,58520
2023-06-07,175309,67612,58532
2023-06-08,175357,67649,58545
2023-06-09,175390,67675,58557
2023-06-10,175428,67703,58561
2023-06-11,175444,67719,58563
